"customer_id","customer_name","city","gender","customer_segment","age","age_group","last_purchase_date","recency_days","total_transactions","unique_products","unique_categories","total_revenue","avg_spend_per_visit","max_single_spend","min_single_spend","median_spend","favorite_category","favorite_payment","favorite_channel","most_active_season","avg_days_between","R_score","F_score","M_score","RFM_score","rfm_segment","frequency_label","predicted_next_purchase","days_until_next","avg_monthly_spend","total_active_months"
"CID001","Akash Balaji","Jaipur","Male","Premium",19,"18-25","2023-12-03 15:52:21",118.717766203704,37,30,10,190096.17,5137.73,63344.26,285.66,1155.65,"Books","Credit Card","In-Store","Monsoon",8.5,5,4,2,11,"Loyal Customers","Bi-Weekly Buyer","2023-12-11 15:52:21",-855.601222890312,15841.35,12
"CID002","Sachin Baig","Mumbai","Other","VIP",30,"26-35","2023-12-02 16:24:33",119.695405092593,59,35,9,3322860.4132,56319.67,376129.5144,208.06,11864.36,"Toys","Credit Card","Mobile App","Monsoon",5.3,4,5,5,14,"Champions","Weekly Buyer","2023-12-07 16:24:33",-859.578861779201,276905.03,12
"CID003","Akanksha Venkat","Jaipur","Female","New Customer",57,"55+","2023-07-30 11:19:01",244.907581018519,9,9,5,80542.67,8949.19,32008.69,166.21,4817.75,"Furniture","UPI","Phone","Monsoon",24.2,2,1,2,5,"Lost","Monthly Buyer","2023-08-23 11:19:01",-965.791037705127,13423.78,6
"CID004","Nikita Rajan","Delhi","Female","New Customer",47,"46-55","2023-08-01 17:02:12",242.669259259259,5,5,1,15094.46,3018.89,7613.84,849.32,1411.1,"Toys","Cash","Online","Monsoon",46.3,2,1,1,4,"Lost","Occasional Buyer","2023-09-16 17:02:12",-941.552715945867,3018.89,5
"CID005","Kunal Kapoor","Pune","Other","Regular",36,"36-45","2023-06-20 16:37:20",284.686527777778,12,12,7,767688.3144,63974.03,376129.5144,452.96,3447.55,"Electronics","UPI","In-Store","Summer",14.6,1,2,4,7,"Potential Loyalists","Bi-Weekly Buyer","2023-07-05 16:37:20",-1014.56998446439,127948.05,6
"CID006","Pankaj Agarwal","Mumbai","Male","Premium",56,"55+","2023-12-23 17:18:47",98.6577430555556,38,26,6,115519.36,3039.98,13312.14,297.89,2128.135,"Other","Credit Card","In-Store","Monsoon",9.5,5,4,2,11,"Loyal Customers","Bi-Weekly Buyer","2024-01-02 17:18:47",-833.541199742164,9626.61,12
"CID007","Priyank Shaikh","Mumbai","Male","New Customer",20,"18-25","2023-09-02 16:40:26",210.684375,9,9,7,10948.01,1216.45,3356.78,150.73,397.87,"Beauty","Credit Card","Mobile App","Monsoon",27.4,2,1,1,4,"Lost","Monthly Buyer","2023-09-29 16:40:26",-928.567831686608,1824.67,6
"CID008","Shweta Bajaj","Kolkata","Female","Regular",29,"26-35","2023-12-17 12:22:33",104.863460648148,24,19,5,473365.73,19723.57,102575.82,672.39,7075.7,"Furniture","Wallet","In-Store","Monsoon",14,5,3,3,11,"Loyal Customers","Bi-Weekly Buyer","2023-12-31 12:22:33",-835.746917334756,39447.14,12
"CID009","Sonia Chakraborty","Delhi","Other","New Customer",45,"36-45","2023-03-17 17:31:43",379.648761574074,4,4,2,223757.28,55939.32,183751.77,4060.8,17972.355,"Automotive","Credit Card","Mobile App","Summer",18,1,1,3,5,"Lost","Monthly Buyer","2023-04-04 17:31:43",-1106.53221826068,111878.64,2
"CID010","Isha Gowda","Hyderabad","Other","Premium",34,"26-35","2023-08-07 17:45:11",236.639409722222,25,18,6,558032.4446,22321.3,287500.05,129.9673,1004.16,"Groceries","UPI","Online","Monsoon",8.9,2,3,4,9,"Potential Loyalists","Bi-Weekly Buyer","2023-08-16 17:45:11",-972.52286640883,69754.06,8
"CID011","Jai Siddiqui","Hyderabad","Other","New Customer",37,"36-45","2023-03-11 16:31:17",385.690729166667,5,5,4,5551.92,1110.38,2014.6,288.06,899.04,"Clothing","Debit Card","Mobile App","Summer",12.5,1,1,1,3,"Lost","Bi-Weekly Buyer","2023-03-23 16:31:17",-1118.57418585327,2775.96,2
"CID012","Sourav Naidu","Surat","Other","Premium",34,"26-35","2023-09-14 14:19:03",198.78255787037,29,21,6,125218.62,4317.88,62107.54,202.85,1022.17,"Groceries","UPI","Online","Monsoon",8.3,3,3,2,8,"Potential Loyalists","Bi-Weekly Buyer","2023-09-22 14:19:03",-935.666014556979,13913.18,9
"CID013","Trisha Tiwari","Hyderabad","Female","Regular",63,"55+","2023-12-14 11:17:10",107.908865740741,28,23,6,89356.2273,3191.29,17550.27,129.9673,785.8,"Beauty","Debit Card","Online","Monsoon",12.2,5,3,2,10,"Loyal Customers","Bi-Weekly Buyer","2023-12-26 11:17:10",-840.792322427349,7446.35,12
"CID014","Amrita Paul","Mumbai","Female","Regular",62,"55+","2023-10-19 09:17:50",163.991736111111,20,17,6,575721.98,28786.1,282746.49,331.9,1136.77,"Groceries","UPI","Mobile App","Monsoon",14.6,3,2,4,9,"Potential Loyalists","Bi-Weekly Buyer","2023-11-03 09:17:50",-893.875192797719,57572.2,10
"CID015","Akanksha Garg","Mumbai","Female","New Customer",49,"46-55","2023-05-04 17:34:36",331.646759259259,5,5,3,6007.69,1201.54,2295.18,250.42,957.04,"Books","Credit Card","In-Store","Summer",24.1,1,1,1,3,"Lost","Monthly Buyer","2023-05-28 17:34:36",-1052.53021594587,2002.56,3
"CID016","Madhuri Khandelwal","Mumbai","Female","Premium",53,"46-55","2024-03-02 17:33:58",28.6471990740741,43,27,9,606736.19,14110.14,215370.75,171.68,2165.91,"Automotive","UPI","In-Store","Monsoon",10,5,4,4,13,"Champions","Bi-Weekly Buyer","2024-03-12 17:33:58",-763.530655760682,40449.08,15
"CID017","Rekha Qureshi","Jaipur","Female","Regular",60,"55+","2023-06-09 13:19:07",295.824178240741,13,11,8,61370.96,4720.84,18408.39,449.07,1880.17,"Automotive","UPI","Online","Summer",12.4,1,2,2,5,"Lost","Bi-Weekly Buyer","2023-06-21 13:19:07",-1028.70763492735,10228.49,6
"CID018","Priyank Bansal","Bangalore","Male","VIP",18,"18-25","2023-08-01 13:21:30",242.822523148148,40,30,7,1740409.6344,43510.24,376129.5144,537.18,6156.865,"Electronics","Net Banking","Mobile App","Summer",4.8,2,4,5,11,"Loyal Customers","Weekly Buyer","2023-08-06 13:21:30",-982.705979834756,217551.2,8
"CID019","Komal Chakraborty","Jaipur","Female","New Customer",54,"46-55","2023-03-31 15:28:09",365.734571759259,3,3,3,4490.97,1496.99,2863.19,368.62,1259.16,"Beauty","Wallet","Mobile App","Winter",44,1,1,1,3,"Lost","Occasional Buyer","2023-05-14 15:28:09",-1066.61802844587,1496.99,3
"CID020","Megha Anand","Bangalore","Female","Premium",43,"36-45","2023-11-20 11:45:34",131.889143518519,33,16,3,2733715.2544,82839.86,376129.5144,419.33,32499.18,"Electronics","Credit Card","Mobile App","Monsoon",9.6,4,3,5,12,"Loyal Customers","Bi-Weekly Buyer","2023-11-30 11:45:34",-866.772600205127,248519.57,11
"CID021","Yogesh Balaji","Pune","Other","VIP",51,"46-55","2023-11-05 14:48:06",146.762384259259,62,26,7,266579.5273,4299.67,108207.39,129.9673,1215.965,"Books","Debit Card","Online","Monsoon",5,4,5,3,12,"Loyal Customers","Weekly Buyer","2023-11-10 14:48:06",-886.645840945867,24234.5,11
"CID022","Ganesh Jadhav","Ahmedabad","Other","VIP",27,"26-35","2023-07-18 13:30:45",256.816099537037,46,32,10,393677.33,8558.2,117661.7,213.38,4148.28,"Automotive","Cash","In-Store","Winter",4.2,2,4,3,9,"Potential Loyalists","Weekly Buyer","2023-07-22 13:30:45",-997.699556223645,56239.62,7
"CID023","Rahul Reddy","Delhi","Male","Regular",58,"55+","2023-11-22 10:21:26",129.947569444444,23,17,5,54713.55,2378.85,28981.98,135.2,759.56,"Groceries","Debit Card","Online","Monsoon",13.5,4,2,1,7,"Potential Loyalists","Bi-Weekly Buyer","2023-12-06 10:21:26",-860.831026131053,4973.96,11
"CID024","Naresh Singh","Delhi","Other","Premium",38,"36-45","2024-02-13 17:21:10",46.656087962963,40,27,7,639810.27,15995.26,146693.67,181.78,2934.715,"Groceries","UPI","Mobile App","Winter",10.3,5,4,4,13,"Champions","Bi-Weekly Buyer","2024-02-23 17:21:10",-781.539544649571,45700.73,14
"CID025","Kratika Abraham","Kolkata","Female","Regular",58,"55+","2023-12-29 16:01:03",92.711724537037,28,17,4,1706263.9261,60938,376129.5144,129.9673,1182.15,"Groceries","UPI","Mobile App","Monsoon",13.3,5,3,5,13,"Champions","Bi-Weekly Buyer","2024-01-11 16:01:03",-824.595181223645,142188.66,12
"CID026","Vinita Gowda","Mumbai","Female","VIP",55,"46-55","2023-07-11 11:52:18",263.884467592593,49,33,8,2003059.6444,40878.77,376129.5144,200.39,3145.95,"Clothing","Debit Card","Online","Summer",3.7,1,4,5,10,"Loyal Customers","Weekly Buyer","2023-07-15 11:52:18",-1004.7679242792,286151.38,7
"CID027","Kajal Sheikh","Mumbai","Female","Premium",29,"26-35","2024-02-11 11:47:24",48.8878703703704,42,29,9,763779.8073,18185.23,136487.28,129.9673,3571.435,"Furniture","Credit Card","Online","Winter",9.4,5,4,4,13,"Champions","Bi-Weekly Buyer","2024-02-20 11:47:24",-784.771327056979,54555.7,14
"CID028","Akash Saraogi","Jaipur","Male","VIP",50,"46-55","2023-12-07 17:22:48",114.654953703704,71,31,9,553200.03,7791.55,159649.3,269.96,2216.28,"Toys","Debit Card","Mobile App","Monsoon",4.5,5,5,4,14,"Champions","Weekly Buyer","2023-12-11 17:22:48",-855.538410390312,46100,12
"CID029","Karan Doshi","Hyderabad","Male","Premium",56,"55+","2024-01-30 09:49:11",60.9699652777778,41,20,7,346916.41,8461.38,268286.56,184.92,869.52,"Groceries","UPI","Online","Monsoon",9.5,5,4,3,12,"Loyal Customers","Bi-Weekly Buyer","2024-02-09 09:49:11",-795.853421964386,26685.88,13
"CID030","Shivam Bose","Bangalore","Other","Premium",37,"36-45","2023-12-20 16:37:13",101.686608796296,43,25,5,2433930.1144,56603.03,376129.5144,221.23,5200.32,"Electronics","UPI","Online","Monsoon",7.9,5,4,5,14,"Champions","Bi-Weekly Buyer","2023-12-28 16:37:13",-838.570065482905,202827.51,12
"CID031","Shreyas Goyal","Hyderabad","Male","VIP",42,"36-45","2023-08-24 12:45:40",219.847407407407,58,25,5,265934.9373,4585.09,33343.35,129.9673,2150.85,"Groceries","Credit Card","In-Store","Summer",3.9,2,5,3,10,"Loyal Customers","Weekly Buyer","2023-08-28 12:45:40",-960.730864094016,33241.87,8
"CID032","Meena Venkat","Delhi","Female","VIP",51,"46-55","2023-10-04 13:09:28",178.83087962963,61,38,10,3580158.2244,58691.12,376129.5144,265.31,3298.35,"Electronics","Debit Card","Online","Monsoon",4.5,3,5,5,13,"Champions","Weekly Buyer","2023-10-08 13:09:28",-919.714336316238,358015.82,10
"CID033","Simran Rao","Chennai","Female","VIP",47,"46-55","2023-11-27 14:27:38",124.776597222222,70,41,10,717694.9973,10252.79,318870.9,129.9673,2616.38,"Clothing","Credit Card","In-Store","Summer",4.5,4,5,4,13,"Champions","Weekly Buyer","2023-12-01 14:27:38",-865.66005390883,65245,11
"CID034","Rashmi Chadha","Jaipur","Female","New Customer",55,"46-55","2023-10-05 09:22:37",177.988414351852,14,9,3,292468.18,20890.58,159617.28,160.1,864.99,"Groceries","Debit Card","Mobile App","Monsoon",21.2,3,2,3,8,"Potential Loyalists","Monthly Buyer","2023-10-26 09:22:37",-901.87187103846,41781.17,7
"CID035","Vaibhav Goyal","Kolkata","Male","Regular",55,"46-55","2023-09-30 17:47:16",182.637962962963,24,21,7,870109.88,36254.58,257991.6,133.47,8343.24,"Electronics","Debit Card","Mobile App","Monsoon",11.1,3,3,4,10,"Loyal Customers","Bi-Weekly Buyer","2023-10-11 17:47:16",-916.521419649571,96678.88,9
"CID036","Rohit Doshi","Bangalore","Male","Regular",24,"18-25","2023-07-31 11:41:19",243.892094907407,15,11,3,30829.8673,2055.32,9157.12,129.9673,1439.67,"Clothing","Credit Card","Mobile App","Summer",13.4,2,2,1,5,"Lost","Bi-Weekly Buyer","2023-08-13 11:41:19",-975.775551594016,5138.31,6
"CID037","Uma Antony","Jaipur","Female","Regular",57,"55+","2023-07-13 15:00:41",261.753645833333,17,13,5,805784.02,47399.06,269613.9,260.94,12891.06,"Electronics","UPI","Online","Summer",11.5,2,2,4,8,"Potential Loyalists","Bi-Weekly Buyer","2023-07-25 15:00:41",-994.637102519942,115112,7
"CID038","Nandini Iyer","Hyderabad","Female","Regular",58,"55+","2023-12-11 13:38:55",110.810428240741,19,16,4,24511.9746,1290.1,5387.3,129.9673,602.21,"Groceries","Wallet","Online","Monsoon",17.8,5,2,1,8,"Potential Loyalists","Monthly Buyer","2023-12-29 13:38:55",-837.693884927349,2042.66,12
"CID039","Monika Bajaj","Delhi","Female","VIP",50,"46-55","2023-10-20 14:30:56",162.774305555556,66,30,8,809681.3073,12267.9,338567.32,129.9673,2453.48,"Automotive","Net Banking","Mobile App","Monsoon",4.5,4,5,4,13,"Champions","Weekly Buyer","2023-10-24 14:30:56",-903.657762242164,80968.13,10
"CID040","Dev Iyer","Pune","Other","Regular",20,"18-25","2023-09-03 09:29:14",209.983819444444,21,15,5,794323.9644,37824.95,376129.5144,161.77,1319.41,"Groceries","Credit Card","Phone","Monsoon",11.5,3,2,4,9,"Potential Loyalists","Bi-Weekly Buyer","2023-09-15 09:29:14",-942.867276131053,88258.22,9
"CID041","Heena Mukherjee","Kolkata","Female","VIP",65,"55+","2023-10-27 15:05:49",155.750081018519,81,35,8,917426.46,11326.25,196008.8,287.21,2856.93,"Automotive","UPI","Online","Summer",3.7,4,5,4,13,"Champions","Weekly Buyer","2023-10-31 15:05:49",-896.633537705127,91742.65,10
"CID042","Kabir Ghosh","Surat","Male","Premium",46,"46-55","2024-02-14 11:40:21",45.8927662037037,40,28,8,576550.78,14413.77,95479.36,383.11,5966.37,"Furniture","Debit Card","Online","Winter",10.2,5,4,4,13,"Champions","Bi-Weekly Buyer","2024-02-24 11:40:21",-780.776222890312,41182.2,14
"CID043","Ramesh Jain","Ahmedabad","Male","Premium",31,"26-35","2023-12-12 14:27:13",109.776886574074,37,23,7,2173481.14,58742.73,328678.24,363.61,14757,"Electronics","Credit Card","In-Store","Monsoon",8.8,5,4,5,14,"Champions","Bi-Weekly Buyer","2023-12-21 14:27:13",-845.660343260682,181123.43,12
"CID044","Ekta Sethi","Kolkata","Female","New Customer",38,"36-45","2023-04-14 17:55:56",351.631944444444,5,5,4,6497.73,1299.55,2927.88,393.14,629.42,"Other","Debit Card","Mobile App","Summer",21.3,1,1,1,3,"Lost","Monthly Buyer","2023-05-05 17:55:56",-1075.51540113105,2165.91,3
"CID045","Vaibhav Menon","Delhi","Male","Premium",51,"46-55","2023-08-31 16:06:28",212.707962962963,21,13,3,56912.67,2710.13,23488.17,245.4,798.32,"Groceries","Cash","Mobile App","Winter",11.9,2,2,1,5,"Lost","Bi-Weekly Buyer","2023-09-12 16:06:28",-945.591419649571,7114.08,8
"CID046","Dhaval Chatterjee","Mumbai","Male","VIP",52,"46-55","2023-09-29 12:26:25",183.860775462963,60,32,9,362624.6373,6043.74,138807.5,129.9673,949.075,"Groceries","Credit Card","Mobile App","Monsoon",4.4,3,5,3,11,"Loyal Customers","Weekly Buyer","2023-10-03 12:26:25",-924.744232149571,40291.63,9
"CID047","Sunil Qureshi","Ahmedabad","Male","Regular",54,"46-55","2023-12-30 16:04:22",91.7094212962963,24,18,8,112404.3046,4683.51,53708.85,129.9673,1033.165,"Groceries","Debit Card","Phone","Monsoon",15.6,5,3,2,10,"Loyal Customers","Monthly Buyer","2024-01-15 16:04:22",-820.592877982904,9367.03,12
"CID048","Pari Rao","Bangalore","Female","Premium",49,"46-55","2023-10-27 13:30:09",155.816516203704,27,19,6,110632.73,4097.51,40159.78,165.58,612.69,"Beauty","Debit Card","Online","Monsoon",11.4,4,3,2,9,"Potential Loyalists","Bi-Weekly Buyer","2023-11-07 13:30:09",-889.699972890312,11063.27,10
"CID049","Sudhir Dubey","Kolkata","Male","Regular",26,"26-35","2023-05-30 09:59:02",305.963125,12,12,6,107970.3773,8997.53,62037.72,129.9673,3266,"Clothing","Credit Card","Online","Summer",13.2,1,2,2,5,"Lost","Bi-Weekly Buyer","2023-06-12 09:59:02",-1037.84658168661,21594.08,5
"CID050","Zubin Doshi","Surat","Male","Premium",42,"36-45","2024-03-23 16:42:36",7.68287037037037,45,31,7,900523.12,20011.62,233604.24,300.03,2880.2,"Automotive","Debit Card","In-Store","Winter",9.7,5,4,4,13,"Champions","Bi-Weekly Buyer","2024-04-02 16:42:36",-742.566327056979,60034.87,15
"CID051","Ramesh Nair","Hyderabad","Male","VIP",43,"36-45","2023-11-20 12:05:53",131.875034722222,63,39,9,4341383.1288,68910.84,376129.5144,969.81,27933.7,"Electronics","Debit Card","Mobile App","Monsoon",4.8,4,5,5,14,"Champions","Weekly Buyer","2023-11-25 12:05:53",-871.75849140883,394671.19,11
"CID052","Kunal Joshi","Bangalore","Other","VIP",38,"36-45","2023-07-10 10:30:27",264.94130787037,41,24,9,814980.52,19877.57,101872.71,227.85,9848.03,"Furniture","Cash","Phone","Summer",4.5,1,4,4,9,"Potential Loyalists","Weekly Buyer","2023-07-14 10:30:27",-1005.82476455698,116425.79,7
"CID053","Aisha Roy","Kolkata","Other","VIP",20,"18-25","2023-11-11 11:41:25",140.892025462963,67,40,9,3511900.9888,52416.43,376129.5144,277.21,8577.44,"Electronics","UPI","Mobile App","Monsoon",4.6,4,5,5,14,"Champions","Weekly Buyer","2023-11-16 11:41:25",-880.775482149571,319263.73,11
"CID054","Balaji Menon","Jaipur","Other","VIP",40,"36-45","2023-11-04 14:12:27",147.787141203704,61,34,8,2821577.0034,46255.36,376129.5144,129.9673,6787.34,"Groceries","Credit Card","Mobile App","Monsoon",4.7,4,5,5,14,"Champions","Weekly Buyer","2023-11-09 14:12:27",-887.670597890312,256507,11
"CID055","Zara Doshi","Pune","Female","Premium",21,"18-25","2024-01-09 10:42:22",81.9330324074074,42,31,9,1839422.0644,43795.76,376129.5144,146.21,5951.07,"Electronics","UPI","Mobile App","Monsoon",8.5,5,4,5,14,"Champions","Bi-Weekly Buyer","2024-01-17 10:42:22",-818.816489094016,141494,13
"CID056","Supriya Mathew","Surat","Other","VIP",34,"26-35","2023-08-17 11:02:10",226.919282407407,48,29,8,958729.16,19973.52,299499.7,184.32,1310.78,"Groceries","Net Banking","Online","Summer",4.8,2,4,4,10,"Loyal Customers","Weekly Buyer","2023-08-22 11:02:10",-966.802739094016,119841.15,8
"CID057","Karan Jain","Surat","Male","Premium",54,"46-55","2023-08-12 17:10:59",231.663159722222,21,15,6,371785.5273,17704.07,268515.76,129.9673,1599.45,"Furniture","Net Banking","Online","Monsoon",10.9,2,2,3,7,"Potential Loyalists","Bi-Weekly Buyer","2023-08-23 17:10:59",-965.54661640883,46473.19,8
"CID058","Isha Agarwal","Hyderabad","Female","VIP",33,"26-35","2023-11-19 12:41:37",132.850219907407,75,38,8,2570230.3488,34269.74,376129.5144,231.69,1725.87,"Books","Credit Card","In-Store","Monsoon",4,4,5,5,14,"Champions","Weekly Buyer","2023-11-23 12:41:37",-873.733676594016,233657.3,11
"CID059","Sanika Varghese","Mumbai","Female","VIP",28,"26-35","2023-11-09 15:36:38",142.728680555556,69,41,10,2200601.6544,31892.78,376129.5144,211.61,3786.92,"Clothing","Credit Card","Online","Monsoon",4.3,4,5,5,14,"Champions","Weekly Buyer","2023-11-13 15:36:38",-883.612137242164,200054.7,11
"CID060","Roshan Reddy","Mumbai","Male","New Customer",52,"46-55","2023-03-11 09:33:00",385.981203703704,2,2,2,77904.95,38952.47,77029.45,875.5,38952.475,"Electronics","Debit Card","In-Store","Summer",41,1,1,2,4,"Lost","Occasional Buyer","2023-04-21 09:33:00",-1089.86466039031,38952.47,2
"CID061","Trisha Abraham","Surat","Other","Premium",28,"26-35","2023-10-19 12:45:22",163.847615740741,38,25,7,785229.9673,20663.95,284441.7,129.9673,1270.17,"Groceries","UPI","Online","Monsoon",7.3,3,4,4,11,"Loyal Customers","Bi-Weekly Buyer","2023-10-26 12:45:22",-901.731072427349,78523,10
"CID062","Jaya Paul","Kolkata","Female","Regular",62,"55+","2023-08-18 11:03:53",225.918090277778,17,16,5,32315.52,1900.91,16453.6,168.67,516.76,"Groceries","Credit Card","In-Store","Summer",14.3,2,2,1,5,"Lost","Bi-Weekly Buyer","2023-09-01 11:03:53",-956.801546964386,4039.44,8
"CID063","Sanket Sharma","Kolkata","Male","Regular",37,"36-45","2023-08-29 14:11:03",214.788113425926,14,12,4,344482.28,24605.88,192741.82,143.93,879.28,"Other","UPI","Online","Monsoon",17.1,2,2,3,7,"Potential Loyalists","Monthly Buyer","2023-09-15 14:11:03",-942.671570112534,43060.28,8
"CID064","Ganesh Oswal","Surat","Male","Regular",46,"46-55","2023-08-20 17:14:15",223.660891203704,20,15,7,177847.34,8892.37,66595.47,393.93,3451.015,"Automotive","Credit Card","In-Store","Monsoon",10.8,2,2,2,6,"Lost","Bi-Weekly Buyer","2023-08-31 17:14:15",-957.544347890312,22230.92,8
"CID065","Ishaan Shaikh","Kolkata","Other","Regular",57,"55+","2024-02-03 14:00:23",56.7955208333333,30,23,8,258869.61,8628.99,138394.32,130.61,1674.26,"Automotive","UPI","Mobile App","Monsoon",12.8,5,3,3,11,"Loyal Customers","Bi-Weekly Buyer","2024-02-16 14:00:23",-788.678977519942,18490.69,14
"CID066","Nisha Dey","Bangalore","Female","Regular",48,"46-55","2023-09-09 14:43:40",203.765462962963,21,14,4,33335.41,1587.4,8407.62,226.66,723.12,"Groceries","Cash","Mobile App","Winter",12.4,3,2,1,6,"Lost","Bi-Weekly Buyer","2023-09-21 14:43:40",-936.648919649571,4166.93,8
"CID067","Neha Mirza","Bangalore","Female","Premium",59,"55+","2023-11-30 11:11:57",121.912488425926,47,30,9,241545.13,5139.26,98681.72,207.11,851.46,"Toys","UPI","Online","Monsoon",7,4,4,3,11,"Loyal Customers","Weekly Buyer","2023-12-07 11:11:57",-859.795945112534,21958.65,11
"CID068","Shivam Ghosh","Jaipur","Other","Regular",25,"18-25","2023-07-29 09:50:46",245.968865740741,16,14,5,80629.28,5039.33,12890.54,244.98,4991.26,"Furniture","Cash","Phone","Monsoon",13.5,2,2,2,6,"Lost","Bi-Weekly Buyer","2023-08-12 09:50:46",-976.852322427349,11518.47,7
"CID069","Aisha Chatterjee","Pune","Female","VIP",63,"55+","2023-09-08 09:10:56",204.996527777778,53,26,6,2403023.6244,45340.07,376129.5144,231.12,3307.85,"Electronics","Credit Card","Online","Monsoon",4.2,3,5,5,13,"Champions","Weekly Buyer","2023-09-12 09:10:56",-945.879984464386,267002.62,9
"CID070","Avni Kapoor","Jaipur","Other","VIP",35,"26-35","2023-09-19 16:09:01",193.70619212963,53,37,8,1920064.319,36227.63,376129.5144,129.9673,3349.78,"Groceries","UPI","Phone","Monsoon",4.8,3,5,5,13,"Champions","Weekly Buyer","2023-09-24 16:09:01",-933.589648816238,213340.48,9
"CID071","Dhaval Reddy","Surat","Male","VIP",33,"26-35","2023-10-16 10:38:27",166.935752314815,61,33,9,294865.9773,4833.87,67965.18,129.9673,994.09,"Groceries","UPI","In-Store","Monsoon",4.7,3,5,3,11,"Loyal Customers","Weekly Buyer","2023-10-21 10:38:27",-906.819209001423,29486.6,10
"CID072","Naresh Hegde","Bangalore","Male","New Customer",43,"36-45","2024-01-16 16:38:30",74.6857175925926,11,10,6,441965.6844,40178.7,376129.5144,301.22,1637.04,"Groceries","UPI","Phone","Winter",37.8,5,2,3,10,"Loyal Customers","Occasional Buyer","2024-02-23 16:38:30",-781.569174279201,55245.71,8
"CID073","Nisha Mathew","Bangalore","Other","New Customer",38,"36-45","2023-04-03 11:47:39",362.887696759259,3,3,3,5491.64,1830.55,4811.08,173.97,506.59,"Automotive","Credit Card","In-Store","Winter",45.9,1,1,1,3,"Lost","Occasional Buyer","2023-05-19 11:47:39",-1061.77115344587,1830.55,3
"CID074","Zubair Oswal","Pune","Male","New Customer",28,"26-35","2023-10-21 16:22:34",161.696782407407,12,11,5,1046649.5788,87220.8,376129.5144,357.76,12265.44,"Electronics","Credit Card","Mobile App","Monsoon",25.6,4,2,5,11,"Loyal Customers","Monthly Buyer","2023-11-16 16:22:34",-880.580239094016,174441.6,6
"CID075","Yusuf Qureshi","Kolkata","Male","Premium",45,"36-45","2023-09-21 15:21:50",191.738958333333,31,20,8,140331.1146,4526.81,98876.28,129.9673,843.8,"Groceries","UPI","Mobile App","Monsoon",8,3,3,2,8,"Potential Loyalists","Bi-Weekly Buyer","2023-09-29 15:21:50",-928.622415019942,15592.35,9
"CID076","Payal Shinde","Delhi","Female","Regular",38,"36-45","2023-10-18 17:04:11",164.667881944444,18,14,5,526583.68,29254.65,141362.37,250.8,13941.92,"Electronics","Net Banking","Phone","Monsoon",16.1,3,2,3,8,"Potential Loyalists","Monthly Buyer","2023-11-03 17:04:11",-893.551338631053,52658.37,10
"CID077","Sadhna Philip","Ahmedabad","Other","Premium",48,"46-55","2024-03-15 14:41:22",15.7670601851852,45,27,9,1017698.49,22615.52,187285.98,347.97,6823.17,"Furniture","Debit Card","Online","Winter",9.6,5,4,5,14,"Champions","Bi-Weekly Buyer","2024-03-25 14:41:22",-750.650516871793,67846.57,15
"CID078","Vikram Patil","Bangalore","Male","Regular",65,"55+","2023-12-17 10:24:51",104.945196759259,23,19,8,263497.93,11456.43,101788.81,202,2146.25,"Groceries","UPI","Online","Monsoon",14.7,5,2,3,10,"Loyal Customers","Bi-Weekly Buyer","2024-01-01 10:24:51",-834.828653445868,21958.16,12
"CID079","Subha Kapoor","Ahmedabad","Other","New Customer",34,"26-35","2023-03-25 15:19:17",371.740729166667,6,6,5,52367.43,8727.9,46275.42,479.81,1253.875,"Groceries","UPI","Mobile App","Winter",12.4,1,1,1,3,"Lost","Bi-Weekly Buyer","2023-04-06 15:19:17",-1104.62418585327,17455.81,3
"CID080","Pari Yadav","Bangalore","Other","New Customer",21,"18-25","2023-05-30 13:56:31",305.798206018518,5,5,4,143047.14,28609.43,129614.1,510.21,5652.24,"Clothing","UPI","Phone","Summer",33.5,1,1,2,4,"Lost","Occasional Buyer","2023-07-03 13:56:31",-1016.68166270513,28609.43,5
"CID081","Rohini Gowda","Bangalore","Female","VIP",63,"55+","2023-11-30 17:14:24",121.660787037037,64,36,9,590003.1244,9218.8,376129.5144,208.5,891.41,"Books","Credit Card","Mobile App","Monsoon",4.9,4,5,4,13,"Champions","Weekly Buyer","2023-12-05 17:14:24",-861.544243723645,53636.65,11
"CID082","Mukesh Yadav","Surat","Male","Regular",63,"55+","2023-10-23 12:30:14",159.858125,17,14,5,97473.38,5733.73,50772.3,232.21,830.64,"Other","Net Banking","In-Store","Monsoon",17.3,4,2,2,8,"Potential Loyalists","Monthly Buyer","2023-11-09 12:30:14",-887.741581686608,9747.34,10
"CID083","Falak Joshi","Ahmedabad","Female","VIP",49,"46-55","2023-08-28 13:05:15",215.83380787037,48,31,7,1182688.2144,24639.34,376129.5144,252.64,3294.76,"Clothing","Wallet","Phone","Monsoon",4.6,2,4,5,11,"Loyal Customers","Weekly Buyer","2023-09-02 13:05:15",-955.717264556979,147836.03,8
"CID084","Usha Rajan","Surat","Female","Premium",23,"18-25","2023-08-29 13:10:02",214.830486111111,24,21,7,168045.2873,7001.89,116767.26,129.9673,1167.46,"Groceries","Cash","Online","Monsoon",9.3,2,3,2,7,"Potential Loyalists","Bi-Weekly Buyer","2023-09-07 13:10:02",-950.713942797719,21005.66,8
"CID085","Tara Thomas","Mumbai","Female","New Customer",33,"26-35","2023-04-25 15:20:01",340.740219907407,3,3,2,22273.79,7424.6,17491.88,1057.36,3724.55,"Clothing","UPI","In-Store","Summer",47.1,1,1,1,3,"Lost","Occasional Buyer","2023-06-11 15:20:01",-1038.62367659402,7424.6,3
"CID086","Heena Desai","Pune","Female","Premium",57,"55+","2023-11-16 11:05:19",135.917094907407,40,26,7,585911.37,14647.78,120653.49,270.15,5064.285,"Furniture","UPI","In-Store","Monsoon",7.9,4,4,4,12,"Loyal Customers","Bi-Weekly Buyer","2023-11-24 11:05:19",-872.800551594016,53264.67,11
"CID087","Rajesh Goyal","Chennai","Male","VIP",27,"26-35","2023-07-25 13:22:41",249.821701388889,55,23,6,652649.21,11866.35,196974.72,432.71,3095.78,"Clothing","Debit Card","Online","Summer",3.8,2,5,4,11,"Loyal Customers","Weekly Buyer","2023-07-29 13:22:41",-990.705158075497,93235.6,7
"CID088","Yamini Anand","Delhi","Female","Premium",61,"55+","2023-10-24 16:22:25",158.696886574074,35,26,7,1728658.42,49390.24,329426.34,183.23,11522.89,"Electronics","UPI","In-Store","Summer",8.6,4,4,5,13,"Champions","Bi-Weekly Buyer","2023-11-02 16:22:25",-894.580343260682,172865.84,10
"CID089","Vandana Dinesh","Jaipur","Other","Regular",43,"36-45","2023-09-04 12:06:37",208.874525462963,22,21,7,354515.5546,16114.34,110056.17,129.9673,2026.83,"Beauty","UPI","Mobile App","Monsoon",10.3,3,2,3,8,"Potential Loyalists","Bi-Weekly Buyer","2023-09-14 12:06:37",-943.757982149571,39390.62,9
"CID090","Amit Khan","Jaipur","Male","Premium",40,"36-45","2023-11-30 15:06:48",121.749398148148,42,30,8,795671.6973,18944.56,148228.04,129.9673,4977.735,"Furniture","Credit Card","Mobile App","Summer",7.8,4,4,4,12,"Loyal Customers","Bi-Weekly Buyer","2023-12-08 15:06:48",-858.632854834756,72333.79,11
"CID091","Subha Banerjee","Kolkata","Female","VIP",63,"55+","2023-10-22 16:40:50",160.684097222222,60,26,8,408181.0173,6803.02,241466.67,129.9673,934.695,"Books","UPI","Phone","Monsoon",4.8,4,5,3,12,"Loyal Customers","Weekly Buyer","2023-10-27 16:40:50",-900.56755390883,40818.1,10
"CID092","Anushka Ali","Ahmedabad","Female","Regular",60,"55+","2023-12-25 11:22:09",96.9054050925926,23,15,6,379793.98,16512.78,92991.1,238.47,10613.4,"Furniture","UPI","Online","Monsoon",16.2,5,3,3,11,"Loyal Customers","Monthly Buyer","2024-01-10 11:22:09",-825.788861779201,34526.73,11
"CID093","Kratika Walia","Mumbai","Other","Premium",30,"26-35","2023-12-02 17:02:39",119.668946759259,34,26,8,992780.9873,29199.44,137107.28,129.9673,5963.66,"Furniture","UPI","Phone","Monsoon",9.9,4,4,4,12,"Loyal Customers","Bi-Weekly Buyer","2023-12-12 17:02:39",-854.552403445868,82731.75,12
"CID094","Ritesh Venkat","Bangalore","Male","VIP",37,"36-45","2023-07-28 16:44:59",246.681215277778,41,25,8,1011011.38,24658.81,136408.18,619.28,5123.12,"Toys","UPI","Mobile App","Summer",4.8,2,4,5,11,"Loyal Customers","Weekly Buyer","2023-08-02 16:44:59",-986.564671964386,144430.2,7
"CID095","Shyam Jadhav","Jaipur","Other","VIP",60,"55+","2023-09-19 17:14:57",193.660405092593,55,30,7,1472677.34,26775.95,275079.8,798.76,6931.35,"Furniture","Wallet","Online","Monsoon",4.3,3,5,5,13,"Champions","Weekly Buyer","2023-09-23 17:14:57",-934.543861779201,163630.82,9
"CID096","Nishant Saraogi","Surat","Male","New Customer",21,"18-25","2023-07-20 15:30:38",254.732847222222,10,8,3,472987.45,47298.75,202101.58,487.09,5041.165,"Electronics","Net Banking","Online","Summer",21.1,2,1,3,6,"Lost","Monthly Buyer","2023-08-10 15:30:38",-978.61630390883,94597.49,5
"CID097","Arun Kapoor","Ahmedabad","Male","Premium",30,"26-35","2023-11-29 13:50:43",122.802233796296,29,24,6,1794572.4717,61881.81,376129.5144,129.9673,4178.28,"Electronics","UPI","Online","Monsoon",11.3,4,3,5,12,"Loyal Customers","Bi-Weekly Buyer","2023-12-10 13:50:43",-856.685690482905,163142.95,11
"CID098","Sneha Sen","Surat","Female","VIP",59,"55+","2023-09-18 16:37:30",194.686412037037,61,37,9,1480437.4544,24269.47,376129.5144,261.58,4577.8,"Groceries","Debit Card","Online","Monsoon",3.9,3,5,5,13,"Champions","Weekly Buyer","2023-09-22 16:37:30",-935.569868723645,164493.05,9
"CID099","Heena Nair","Bangalore","Female","Premium",20,"18-25","2024-02-05 16:20:53",54.6979513888889,46,34,9,2291831.4005,49822.42,376129.5144,129.9673,12180.32,"Electronics","Credit Card","Online","Monsoon",8.3,5,4,5,14,"Champions","Bi-Weekly Buyer","2024-02-13 16:20:53",-791.581408075497,163702.24,14
"CID100","Mitali Das","Bangalore","Female","VIP",29,"26-35","2023-07-01 09:58:31",273.963483796296,45,31,8,368369.39,8185.99,111899.52,259.13,2342.12,"Toys","UPI","Online","Summer",3.6,1,4,3,8,"Potential Loyalists","Weekly Buyer","2023-07-05 09:58:31",-1014.8469404829,52624.2,7
"CID101","Amit Pawar","Bangalore","Male","VIP",65,"55+","2023-12-01 15:56:42",120.71474537037,75,38,8,932031.9273,12427.09,217149.64,129.9673,2221.72,"Toys","Debit Card","Mobile App","Monsoon",4.4,4,5,4,13,"Champions","Weekly Buyer","2023-12-05 15:56:42",-861.598202056979,77669.33,12
"CID102","Pranav Bhosale","Bangalore","Male","VIP",41,"36-45","2023-09-30 16:39:52",182.684768518519,68,31,9,667563.59,9817.11,257043.55,188.32,2443.54,"Clothing","Debit Card","Online","Monsoon",3.9,3,5,4,12,"Loyal Customers","Weekly Buyer","2023-10-04 16:39:52",-923.568225205127,74173.73,9
"CID103","Tara George","Hyderabad","Other","VIP",33,"26-35","2023-08-10 10:00:52",233.961851851852,51,32,8,2215134.0588,43434,376129.5144,324.19,1592.57,"Groceries","Cash","In-Store","Monsoon",4.4,2,5,5,12,"Loyal Customers","Weekly Buyer","2023-08-14 10:00:52",-974.84530853846,276891.76,8
"CID104","Kiran Jain","Pune","Female","Premium",48,"46-55","2023-10-28 14:11:24",154.78787037037,36,22,6,318238.08,8839.95,115861.72,210.21,1237.975,"Groceries","Cash","Online","Monsoon",8.4,4,4,3,11,"Loyal Customers","Bi-Weekly Buyer","2023-11-05 14:11:24",-891.671327056979,31823.81,10
"CID105","Sonam Chatterjee","Bangalore","Female","VIP",62,"55+","2023-09-15 15:26:21",197.735821759259,54,28,8,405556.62,7510.31,90182.56,214.56,1704.315,"Other","UPI","In-Store","Monsoon",4.4,3,5,3,11,"Loyal Customers","Weekly Buyer","2023-09-19 15:26:21",-938.619278445868,45061.85,9
"CID106","Ruchi Shetty","Jaipur","Female","Premium",35,"26-35","2023-10-19 15:02:50",163.752152777778,36,21,6,144115.0046,4003.19,40109.62,129.9673,1343.2,"Clothing","Debit Card","Phone","Monsoon",7.7,4,4,2,10,"Loyal Customers","Bi-Weekly Buyer","2023-10-27 15:02:50",-900.635609464386,14411.5,10
"CID107","Trisha Yadav","Delhi","Other","Premium",26,"26-35","2024-01-28 13:19:10",62.8241435185185,37,30,6,1497040.8344,40460.56,376129.5144,378.98,9701.55,"Electronics","Wallet","Online","Monsoon",10.1,5,4,5,14,"Champions","Bi-Weekly Buyer","2024-02-07 13:19:10",-797.707600205127,115156.99,13
"CID108","Kavya Yadav","Jaipur","Female","Regular",36,"36-45","2023-07-29 13:41:06",245.808912037037,17,11,3,35620.81,2095.34,13112.68,137.76,1566.48,"Groceries","Cash","Mobile App","Summer",11.2,2,2,1,5,"Lost","Bi-Weekly Buyer","2023-08-09 13:41:06",-979.692368723645,5088.69,7
"CID109","Rahul Khan","Bangalore","Male","VIP",36,"36-45","2023-11-01 10:00:37",150.962025462963,68,40,9,2335867.0573,34350.99,298121.12,129.9673,5144.485,"Groceries","Credit Card","Mobile App","Monsoon",4.5,4,5,5,14,"Champions","Weekly Buyer","2023-11-05 10:00:37",-891.845482149571,212351.55,11
"CID110","Geeta Singhania","Mumbai","Other","Regular",64,"55+","2023-07-24 09:19:54",250.990300925926,14,13,7,289479.72,20677.12,261661.5,160.07,1171.685,"Clothing","Net Banking","Online","Summer",14.5,2,2,3,7,"Potential Loyalists","Bi-Weekly Buyer","2023-08-07 09:19:54",-981.873757612534,41354.25,7
"CID111","Ishan Kamath","Hyderabad","Other","VIP",35,"26-35","2023-11-19 16:19:52",132.698657407407,67,36,8,611661.78,9129.28,246387.38,235.06,2218.22,"Clothing","Debit Card","Online","Monsoon",4.7,4,5,4,13,"Champions","Weekly Buyer","2023-11-24 16:19:52",-872.582114094016,55605.62,11
"CID112","Deepika Patil","Surat","Female","Premium",30,"26-35","2024-02-20 14:57:00",39.7562037037037,47,28,10,172754.84,3675.63,49683.22,153.16,1597.17,"Clothing","Debit Card","Online","Winter",8.5,5,4,2,11,"Loyal Customers","Bi-Weekly Buyer","2024-02-28 14:57:00",-776.639660390312,12339.63,14
"CID113","Vaibhav Sundar","Surat","Male","New Customer",30,"26-35","2023-03-12 12:27:57",384.859710648148,2,2,2,2078.09,1039.05,1434.13,643.96,1039.045,"Other","Cash","In-Store","Summer",63,1,1,1,3,"Lost","Rare Buyer","2023-05-14 12:27:57",-1066.74316733476,1039.05,2
"CID114","Radha Khanna","Hyderabad","Other","New Customer",51,"46-55","2023-07-07 14:04:12",267.79287037037,5,5,2,4005.38,801.08,1507.47,191.21,722.12,"Beauty","Debit Card","Online","Monsoon",42.7,1,1,1,3,"Lost","Occasional Buyer","2023-08-19 14:04:12",-969.676327056979,801.08,5
"CID115","Sanket Banerjee","Bangalore","Male","New Customer",36,"36-45","2023-07-16 13:36:37",258.812025462963,5,5,5,9389.71,1877.94,7593.28,390.12,482.22,"Automotive","Credit Card","Phone","Monsoon",41.5,2,1,1,4,"Lost","Occasional Buyer","2023-08-27 13:36:37",-961.695482149571,2347.43,4
"CID116","Manisha Ghosh","Ahmedabad","Female","New Customer",58,"55+","2023-04-09 16:21:14",356.697708333333,4,4,1,14706.02,3676.5,11975.52,793.75,968.375,"Sports","UPI","Phone","Summer",30.7,1,1,1,3,"Lost","Occasional Buyer","2023-05-10 16:21:14",-1070.58116501994,4902.01,3
"CID117","Kajal Antony","Pune","Female","VIP",24,"18-25","2023-06-23 11:13:53",281.911145833333,41,26,8,1590792.6744,38799.82,376129.5144,423.68,1992,"Beauty","Credit Card","Online","Summer",4.1,1,4,5,10,"Loyal Customers","Weekly Buyer","2023-06-27 11:13:53",-1022.79460251994,265132.11,6
"CID118","Vaishali Rajan","Hyderabad","Other","VIP",34,"26-35","2023-10-10 09:20:23",172.989965277778,65,32,10,5206408.0076,80098.58,376129.5144,500.87,17029.1,"Electronics","Wallet","In-Store","Monsoon",4.1,3,5,5,13,"Champions","Weekly Buyer","2023-10-14 09:20:23",-913.873421964386,520640.8,10
"CID119","Deepa Joseph","Hyderabad","Female","Premium",22,"18-25","2023-07-27 11:05:09",247.917210648148,31,19,5,1228278.27,39621.88,290338.04,160.38,4890.68,"Electronics","Credit Card","Mobile App","Summer",6.7,2,3,5,10,"Loyal Customers","Weekly Buyer","2023-08-03 11:05:09",-985.800667334756,175468.32,7
"CID120","Nisha Khan","Mumbai","Other","VIP",19,"18-25","2023-10-05 09:01:46",178.002893518519,57,19,6,927660.51,16274.75,213874.08,276.48,3896.98,"Sports","Debit Card","Online","Monsoon",4.5,3,5,4,12,"Loyal Customers","Weekly Buyer","2023-10-09 09:01:46",-918.886350205127,92766.05,10
"CID121","Manish Roy","Pune","Male","New Customer",35,"26-35","2023-06-01 13:45:11",303.806076388889,5,4,3,19933.66,3986.73,9382.45,292.22,2848.88,"Clothing","Net Banking","Phone","Winter",31.5,1,1,1,3,"Lost","Occasional Buyer","2023-07-03 13:45:11",-1016.6895330755,4983.42,4
"CID122","Vandana Bansal","Kolkata","Female","Regular",59,"55+","2024-01-23 15:50:07",67.7193171296296,23,17,6,74718.26,3248.62,15155.04,236.7,1206.15,"Sports","UPI","Online","Summer",16.7,5,3,2,10,"Loyal Customers","Monthly Buyer","2024-02-09 15:50:07",-795.602773816238,5747.56,13
"CID123","Zoya Doshi","Mumbai","Other","Premium",39,"36-45","2023-12-05 15:10:58",116.74650462963,36,24,8,1723271.43,47868.65,369823.8,219.02,6152.735,"Automotive","Credit Card","Online","Monsoon",8.9,5,4,5,14,"Champions","Bi-Weekly Buyer","2023-12-14 15:10:58",-852.629961316238,143605.95,12
"CID124","Geeta Nair","Pune","Female","VIP",53,"46-55","2023-09-06 17:54:50",206.632708333333,44,24,8,424766.97,9653.79,195366.27,173.26,1468.35,"Groceries","Net Banking","Mobile App","Monsoon",5.1,3,4,3,10,"Loyal Customers","Weekly Buyer","2023-09-11 17:54:50",-946.516165019942,47196.33,9
"CID125","Arjun Srivastava","Chennai","Male","Premium",43,"36-45","2023-07-31 14:53:52",243.75837962963,25,16,6,83463.78,3338.55,15032.66,544.98,2018.3,"Other","UPI","In-Store","Summer",8.3,2,3,2,7,"Potential Loyalists","Bi-Weekly Buyer","2023-08-08 14:53:52",-980.641836316238,11923.4,7
"CID126","Faisal Shukla","Jaipur","Male","New Customer",61,"55+","2023-05-20 15:13:13",315.74494212963,6,6,4,158447.36,26407.89,149553.96,758.76,1822.25,"Sports","UPI","Mobile App","Winter",26.4,1,1,2,4,"Lost","Monthly Buyer","2023-06-15 15:13:13",-1034.62839881624,39611.84,4
"CID127","Falak Rajan","Jaipur","Female","Premium",65,"55+","2023-10-19 14:07:19",163.790706018519,30,22,5,250266.64,8342.22,51008.19,155.43,3150.505,"Beauty","Credit Card","In-Store","Summer",9.1,3,3,3,9,"Potential Loyalists","Bi-Weekly Buyer","2023-10-28 14:07:19",-899.674162705127,25026.66,10
"CID128","Ranjana Dubey","Chennai","Female","Premium",22,"18-25","2023-08-29 09:22:54",214.988217592593,29,17,7,492206.72,16972.65,346635.05,303.83,1038.34,"Books","UPI","In-Store","Monsoon",8.3,2,3,3,8,"Potential Loyalists","Bi-Weekly Buyer","2023-09-06 09:22:54",-951.871674279201,61525.84,8
"CID129","Rekha Rao","Pune","Female","New Customer",29,"26-35","2024-03-14 09:48:32",16.9704166666667,14,11,4,678010.22,48429.3,144858.54,795.66,24557.025,"Electronics","Debit Card","Online","Winter",33.6,5,2,4,11,"Loyal Customers","Occasional Buyer","2024-04-17 09:48:32",-727.853873353275,84751.28,8
"CID130","Komal Antony","Surat","Other","Premium",65,"55+","2023-08-03 16:10:15",240.705335648148,27,20,7,524286.34,19418.01,166667.64,157.82,6332.96,"Furniture","Net Banking","Online","Summer",7.6,2,3,3,8,"Potential Loyalists","Bi-Weekly Buyer","2023-08-11 16:10:15",-977.588792334756,65535.79,8
"CID131","Shreyas Abraham","Jaipur","Male","VIP",37,"36-45","2023-11-07 16:44:36",144.681481481481,62,33,10,2011405.6,32442.03,320017.14,272.04,11776.11,"Furniture","UPI","Online","Monsoon",4.6,4,5,5,14,"Champions","Weekly Buyer","2023-11-12 16:44:36",-884.56493816809,182855.05,11
"CID132","Kratika Antony","Pune","Female","Regular",49,"46-55","2023-09-03 15:23:07",209.73806712963,15,13,7,324710.7773,21647.39,170715.51,129.9673,5847.64,"Furniture","Cash","In-Store","Monsoon",17.2,3,2,3,8,"Potential Loyalists","Monthly Buyer","2023-09-20 15:23:07",-937.621523816238,36078.98,9
"CID133","Divya Sethi","Pune","Female","Premium",47,"46-55","2023-08-20 15:48:42",223.720300925926,20,16,6,117199.4273,5859.97,49775.85,129.9673,1462.56,"Beauty","Credit Card","In-Store","Summer",11.4,2,2,2,6,"Lost","Bi-Weekly Buyer","2023-08-31 15:48:42",-957.603757612534,14649.93,8
"CID134","Priyanka Mittal","Surat","Female","Premium",45,"36-45","2023-08-04 17:17:53",239.658368055556,21,14,5,39265.25,1869.77,14407.4,161.46,703.22,"Beauty","UPI","Phone","Summer",10.6,2,2,1,5,"Lost","Bi-Weekly Buyer","2023-08-15 17:17:53",-973.541824742164,4908.16,8
"CID135","Suchitra Joseph","Jaipur","Female","Regular",33,"26-35","2023-12-06 17:27:21",115.651793981481,27,17,4,1166228.34,43193.64,165519.9,695.7,19485.88,"Electronics","UPI","Online","Summer",12.9,5,3,5,13,"Champions","Bi-Weekly Buyer","2023-12-19 17:27:21",-847.53525066809,97185.69,12
"CID136","Pankaj Menon","Ahmedabad","Male","New Customer",39,"36-45","2023-03-09 10:53:49",387.925081018519,2,2,2,4659.31,2329.65,4500.44,158.87,2329.655,"Furniture","Cash","Online","Summer",42.7,1,1,1,3,"Lost","Occasional Buyer","2023-04-21 10:53:49",-1089.80853770513,2329.65,2
"CID137","Girish Thomas","Bangalore","Male","Premium",46,"46-55","2023-10-04 12:59:54",178.837523148148,26,21,9,416656.6973,16025.26,288114.3,129.9673,1689.825,"Groceries","Debit Card","Online","Monsoon",10.3,3,3,3,9,"Potential Loyalists","Bi-Weekly Buyer","2023-10-14 12:59:54",-913.720979834756,41665.67,10
"CID138","Anjali Dey","Ahmedabad","Female","Regular",18,"18-25","2023-12-04 11:10:34",117.913449074074,20,14,6,59420.08,2971,11396.94,263.83,2286.92,"Clothing","Debit Card","Mobile App","Monsoon",16.6,5,2,2,9,"Potential Loyalists","Monthly Buyer","2023-12-21 11:10:34",-845.796905760682,5401.83,11
"CID139","Parth Shaikh","Bangalore","Other","New Customer",64,"55+","2023-04-03 17:07:36",362.665509259259,5,4,2,6052.12,1210.42,1961.31,438.01,1296.14,"Books","Credit Card","In-Store","Winter",17.8,1,1,1,3,"Lost","Monthly Buyer","2023-04-21 17:07:36",-1089.54896594587,2017.37,3
"CID140","Bhavna Banerjee","Pune","Female","New Customer",61,"55+","2023-11-04 11:34:26",147.896875,8,7,5,49602.52,6200.32,16948.47,965.73,5187.63,"Furniture","Credit Card","In-Store","Summer",40,4,1,1,6,"New Customers","Occasional Buyer","2023-12-14 11:34:26",-852.780331686608,8267.09,6
"CID141","Amit Kapoor","Delhi","Male","Premium",59,"55+","2023-09-27 09:19:32",185.990555555556,30,23,6,210642.71,7021.42,118500.61,155.96,1263.025,"Beauty","Debit Card","Online","Monsoon",8.5,3,3,2,8,"Potential Loyalists","Bi-Weekly Buyer","2023-10-05 09:19:32",-922.874012242164,23404.75,9
"CID142","Tanvi Rao","Mumbai","Female","New Customer",55,"46-55","2023-07-31 12:49:46",243.844560185185,9,8,6,53523.07,5947.01,34648.99,361.78,2365.32,"Books","Credit Card","Mobile App","Summer",23.9,2,1,1,4,"Lost","Monthly Buyer","2023-08-24 12:49:46",-964.728016871793,8920.51,6
"CID143","Shyam Paul","Mumbai","Male","VIP",52,"46-55","2023-11-16 11:23:46",135.904282407407,62,34,7,221588.3873,3574.01,97818.29,129.9673,1272.975,"Groceries","Credit Card","In-Store","Monsoon",4.8,4,5,3,12,"Loyal Customers","Weekly Buyer","2023-11-21 11:23:46",-875.787739094016,20144.4,11
"CID144","Wasim Venkat","Pune","Male","Regular",58,"55+","2023-09-25 09:57:19",187.96431712963,25,14,6,128443.6473,5137.75,69188.52,129.9673,1263.1,"Groceries","Debit Card","Mobile App","Monsoon",10.7,3,3,2,8,"Potential Loyalists","Bi-Weekly Buyer","2023-10-06 09:57:19",-921.847773816238,14271.52,9
"CID145","Aarav Ganesh","Pune","Other","New Customer",26,"26-35","2023-03-02 13:20:14",394.823402777778,2,2,2,2526.15,1263.08,1844.16,681.99,1263.075,"Beauty","Wallet","In-Store","Summer",47.2,1,1,1,3,"Lost","Occasional Buyer","2023-04-18 13:20:14",-1092.70685946439,1263.08,2
"CID146","Om Rajan","Pune","Male","Regular",55,"46-55","2023-10-14 16:52:50",168.675763888889,20,10,2,32120.8773,1606.04,10938.52,129.9673,651.68,"Groceries","Credit Card","Online","Monsoon",13.5,3,2,1,6,"Lost","Bi-Weekly Buyer","2023-10-28 16:52:50",-899.559220575497,3212.09,10
"CID147","Vijay Ganesh","Mumbai","Male","VIP",41,"36-45","2023-11-16 15:51:45",135.71818287037,64,28,7,616658.6473,9635.29,282029.49,129.9673,2353.57,"Automotive","UPI","In-Store","Monsoon",4.8,4,5,4,13,"Champions","Weekly Buyer","2023-11-21 15:51:45",-875.601639556979,56059.88,11
"CID148","Vaibhav Gupta","Mumbai","Other","VIP",64,"55+","2023-09-12 10:17:04",200.950601851852,52,31,10,523169.9,10060.96,117416.54,169.06,2003.75,"Books","Debit Card","Online","Monsoon",4.5,3,5,3,11,"Loyal Customers","Weekly Buyer","2023-09-16 10:17:04",-941.83405853846,58129.99,9
"CID149","Pradeep Tiwari","Hyderabad","Male","Premium",59,"55+","2024-03-30 09:05:56",1,45,25,9,714703.2463,15882.29,376129.5144,129.9673,1886.07,"Groceries","Net Banking","In-Store","Summer",9.9,5,4,4,13,"Champions","Bi-Weekly Buyer","2024-04-09 09:05:56",-735.883456686608,47646.88,15
"CID150","Kavita Das","Surat","Female","Premium",41,"36-45","2023-11-10 16:33:28",141.689212962963,34,21,6,966695.3644,28432.22,376129.5144,370.89,5513.645,"Toys","Debit Card","In-Store","Monsoon",8.9,4,4,4,12,"Loyal Customers","Bi-Weekly Buyer","2023-11-19 16:33:28",-877.572669649571,87881.4,11
"CID151","Ritu Philip","Ahmedabad","Female","Regular",21,"18-25","2023-06-26 14:53:15",278.75880787037,10,10,4,13551.6,1355.16,4858.34,234.7,1062.155,"Books","UPI","Phone","Summer",16.4,1,1,1,3,"Lost","Monthly Buyer","2023-07-12 14:53:15",-1007.64226455698,2258.6,6
"CID152","Ganesh George","Ahmedabad","Other","Regular",21,"18-25","2024-01-04 10:22:59",86.9464930555555,31,24,9,428972.67,13837.83,126471.9,366.06,2354.79,"Clothing","Net Banking","Online","Monsoon",11.4,5,3,3,11,"Loyal Customers","Bi-Weekly Buyer","2024-01-15 10:22:59",-820.829949742164,32997.9,13
"CID153","Heena Krishnan","Kolkata","Other","VIP",32,"26-35","2023-10-09 15:30:16",173.733101851852,68,29,8,405584.28,5964.47,52665.38,501.33,3634.885,"Toys","Cash","Online","Monsoon",4.2,3,5,3,11,"Loyal Customers","Weekly Buyer","2023-10-13 15:30:16",-914.61655853846,40558.43,10
"CID154","Sagar Singh","Hyderabad","Other","New Customer",62,"55+","2023-03-05 09:38:15",391.97755787037,2,2,2,95697.09,47848.54,94992.64,704.45,47848.545,"Furniture","Credit Card","Online","Summer",47.9,1,1,2,4,"Lost","Occasional Buyer","2023-04-22 09:38:15",-1088.86101455698,47848.54,2
"CID155","Suresh Bhatt","Bangalore","Male","New Customer",57,"55+","2023-05-30 10:02:34",305.960671296296,4,4,4,48250.67,12062.67,45752.91,576.74,960.51,"Beauty","Cash","Online","Summer",44.9,1,1,1,3,"Lost","Occasional Buyer","2023-07-14 10:02:34",-1005.8441279829,12062.67,4
"CID156","Bhavya Sundar","Chennai","Female","Premium",32,"26-35","2024-01-05 16:54:46",85.6744212962963,33,27,8,276567.4173,8380.83,128520.21,129.9673,1167.94,"Groceries","UPI","Mobile App","Summer",10.8,5,3,3,11,"Loyal Customers","Bi-Weekly Buyer","2024-01-16 16:54:46",-819.557877982905,21274.42,13
"CID157","Monika Philip","Mumbai","Female","VIP",60,"55+","2023-10-31 11:49:14",151.886597222222,69,35,9,785027.6573,11377.21,200555.06,129.9673,1532.5,"Groceries","Debit Card","Mobile App","Monsoon",4.4,4,5,4,13,"Champions","Weekly Buyer","2023-11-04 11:49:14",-892.77005390883,78502.77,10
"CID158","Yusuf Malhotra","Surat","Male","New Customer",46,"46-55","2023-09-28 09:17:07",184.992233796296,8,7,4,101004.09,12625.51,74999.72,855.9,2928.34,"Automotive","Cash","Mobile App","Summer",38.3,3,1,2,6,"Lost","Occasional Buyer","2023-11-05 09:17:07",-891.875690482904,16834.02,6
"CID159","Aisha Chaudhary","Chennai","Female","Premium",62,"55+","2024-02-25 13:22:33",34.8217939814815,40,28,7,1566730.0344,39168.25,376129.5144,185.11,8443.315,"Electronics","Debit Card","Online","Monsoon",10,5,4,5,14,"Champions","Bi-Weekly Buyer","2024-03-06 13:22:33",-769.70525066809,111909.29,14
"CID160","Lavanya Tripathi","Bangalore","Female","VIP",64,"55+","2023-11-12 15:39:26",139.726736111111,59,24,9,683443.6892,11583.79,261113.5,129.9673,946.6,"Groceries","Cash","Online","Monsoon",5,4,5,4,13,"Champions","Weekly Buyer","2023-11-17 15:39:26",-879.610192797719,62131.24,11
"CID161","Vaishali Doshi","Mumbai","Other","New Customer",64,"55+","2023-03-23 14:57:03",373.756168981481,3,3,2,8816.75,2938.92,7471.2,639.09,706.46,"Clothing","Credit Card","Mobile App","Winter",39.4,1,1,1,3,"Lost","Occasional Buyer","2023-05-01 14:57:03",-1079.63962566809,2938.92,3
"CID162","Simran Roy","Bangalore","Female","Premium",45,"36-45","2023-10-15 09:53:25",167.967025462963,32,26,8,753151.5917,23535.99,376129.5144,129.9673,1627.495,"Beauty","UPI","Phone","Monsoon",9,3,3,4,10,"Loyal Customers","Bi-Weekly Buyer","2023-10-24 09:53:25",-903.850482149571,75315.16,10
"CID163","Heena Saraogi","Delhi","Female","New Customer",38,"36-45","2023-06-28 12:15:01",276.86869212963,6,4,2,13202.04,2200.34,11640.68,145.59,304.225,"Groceries","Cash","Mobile App","Winter",35.6,1,1,1,3,"Lost","Occasional Buyer","2023-08-03 12:15:01",-985.752148816238,2640.41,5
"CID164","Shweta Chaudhary","Delhi","Other","VIP",52,"46-55","2023-07-08 11:05:04",266.917268518519,41,28,6,1852589.6244,45185.11,376129.5144,201.74,2578.02,"Books","Debit Card","In-Store","Summer",4.3,1,4,5,10,"Loyal Customers","Weekly Buyer","2023-07-12 11:05:04",-1007.80072520513,264655.66,7
"CID165","Archana Pandey","Delhi","Female","Premium",43,"36-45","2023-10-26 09:02:37",157.002303240741,26,19,5,463917.28,17842.97,209907.18,255.3,1179.53,"Beauty","Cash","In-Store","Monsoon",10.8,4,3,3,10,"Loyal Customers","Bi-Weekly Buyer","2023-11-06 09:02:37",-890.885759927349,46391.73,10
"CID166","Jatin Qureshi","Kolkata","Male","Regular",35,"26-35","2023-12-24 12:04:17",97.8761458333333,28,21,7,932316.69,33297.02,185634.64,342.68,13268.425,"Furniture","Debit Card","Mobile App","Monsoon",13,5,3,4,12,"Loyal Customers","Bi-Weekly Buyer","2024-01-06 12:04:17",-829.759602519941,77693.06,12
"CID167","Vivek Chaudhary","Bangalore","Male","New Customer",34,"26-35","2023-10-22 11:16:42",160.909189814815,8,7,3,7531.7173,941.46,2139.42,129.9673,745.26,"Other","UPI","Online","Monsoon",38.7,4,1,1,6,"New Customers","Occasional Buyer","2023-11-30 11:16:42",-866.792646501423,1075.96,7
"CID168","Rakhi Goyal","Chennai","Female","Premium",37,"36-45","2023-12-17 12:37:04",104.85337962963,37,30,6,2085261.2244,56358.41,376129.5144,174.31,5072.6,"Electronics","Wallet","Online","Monsoon",8.9,5,4,5,14,"Champions","Bi-Weekly Buyer","2023-12-26 12:37:04",-840.736836316238,173771.77,12
"CID169","Simran Menon","Surat","Other","VIP",53,"46-55","2023-07-31 09:05:46",244.000115740741,41,23,7,485651.46,11845.16,312909.65,202.62,2728.97,"Groceries","Wallet","Online","Summer",4.8,2,4,3,9,"Potential Loyalists","Weekly Buyer","2023-08-05 09:05:46",-983.883572427349,69378.78,7
"CID170","Simran Chakraborty","Ahmedabad","Female","Regular",31,"26-35","2023-08-04 16:35:09",239.688043981481,19,17,7,53433.5873,2812.29,20953.08,129.9673,1274.58,"Other","UPI","Online","Monsoon",10.7,2,2,1,5,"Lost","Bi-Weekly Buyer","2023-08-15 16:35:09",-973.57150066809,6679.2,8
"CID171","Varsha Bhatia","Surat","Other","New Customer",58,"55+","2023-05-08 09:32:09",327.981793981481,9,8,4,32406.16,3600.68,11372.01,538.74,1266.42,"Sports","UPI","Phone","Summer",15.4,1,1,1,3,"Lost","Monthly Buyer","2023-05-23 09:32:09",-1057.86525066809,10802.05,3
"CID172","Monika Jain","Kolkata","Other","Premium",33,"26-35","2024-03-16 16:31:27",14.6906134259259,40,23,5,104642.6319,2616.07,16808.76,129.9673,938.58,"Beauty","Credit Card","In-Store","Summer",11,5,4,2,11,"Loyal Customers","Bi-Weekly Buyer","2024-03-27 16:31:27",-748.574070112534,6976.18,15
"CID173","Sonal Oswal","Surat","Female","VIP",18,"18-25","2023-09-27 11:57:38",185.880763888889,69,32,9,606334.7,8787.46,166674.72,338.54,2864.33,"Clothing","UPI","Online","Monsoon",3.9,3,5,4,12,"Loyal Customers","Weekly Buyer","2023-10-01 11:57:38",-926.764220575497,67370.52,9
"CID174","Isha Shukla","Kolkata","Other","Premium",59,"55+","2023-11-26 09:43:42",125.973773148148,34,26,8,678024.9673,19941.91,181089.08,129.9673,2309.96,"Furniture","Credit Card","Online","Monsoon",9.1,4,4,4,12,"Loyal Customers","Bi-Weekly Buyer","2023-12-05 09:43:42",-861.857229834756,61638.63,11
"CID175","Mukesh Nair","Surat","Male","Regular",24,"18-25","2023-12-29 12:46:34",92.8467824074074,26,21,8,1151203.9944,44277.08,376129.5144,221.98,1625.63,"Electronics","UPI","Mobile App","Monsoon",13.4,5,3,5,13,"Champions","Bi-Weekly Buyer","2024-01-11 12:46:34",-824.730239094016,95933.67,12
"CID176","Nikita Khandelwal","Mumbai","Female","Premium",49,"46-55","2023-07-24 13:32:35",250.814826388889,24,19,5,76526.49,3188.6,10533.15,346.06,1983.9,"Clothing","UPI","In-Store","Summer",8,2,3,2,7,"Potential Loyalists","Bi-Weekly Buyer","2023-08-01 13:32:35",-987.698283075497,10932.36,7
"CID177","Nikhil Cherian","Chennai","Other","Regular",32,"26-35","2023-06-12 12:20:22",292.864976851852,12,10,5,159517.05,13293.09,44553.22,174.82,7284.06,"Furniture","Net Banking","Mobile App","Winter",13.9,1,2,2,5,"Lost","Bi-Weekly Buyer","2023-06-26 12:20:22",-1023.74843353846,26586.18,6
"CID178","Vandana Trivedi","Delhi","Female","VIP",53,"46-55","2023-08-18 15:38:40",225.727268518519,52,33,9,835972.01,16076.38,285680.1,382.8,2542.08,"Automotive","Credit Card","Mobile App","Summer",4.5,2,5,4,11,"Loyal Customers","Weekly Buyer","2023-08-22 15:38:40",-966.610725205127,104496.5,8
"CID179","Komal Mathew","Ahmedabad","Female","VIP",39,"36-45","2023-07-12 15:11:01",262.746469907407,40,26,8,593775.2646,14844.38,114681.8,129.9673,1204.11,"Groceries","Credit Card","Mobile App","Summer",4.5,2,4,4,10,"Loyal Customers","Weekly Buyer","2023-07-16 15:11:01",-1003.62992659402,84825.04,7
"CID180","Mohan Desai","Jaipur","Male","Regular",44,"36-45","2023-07-25 16:13:21",249.70318287037,13,11,4,146677.29,11282.87,51350.4,181.04,1777.47,"Books","Wallet","Online","Monsoon",16.1,2,2,2,6,"Lost","Monthly Buyer","2023-08-10 16:13:21",-978.586639556979,20953.9,7
"CID181","Komal Dubey","Bangalore","Other","Regular",50,"46-55","2023-06-14 16:27:00",290.693703703704,13,13,6,375035.26,28848.87,316820.16,328.75,6262.86,"Groceries","Credit Card","In-Store","Summer",13,1,2,3,6,"Lost","Bi-Weekly Buyer","2023-06-27 16:27:00",-1022.57716039031,62505.88,6
"CID182","Arjun Bhatt","Jaipur","Male","New Customer",56,"55+","2023-08-18 13:15:47",225.826493055556,7,6,3,92388.41,13198.34,56244.12,1151.93,5973.6,"Automotive","Debit Card","Phone","Monsoon",36.8,2,1,2,5,"Lost","Occasional Buyer","2023-09-24 13:15:47",-933.709949742164,15398.07,6
"CID183","Dhruv Dinesh","Jaipur","Male","Regular",40,"36-45","2023-08-30 12:05:31",213.875289351852,21,18,6,663353.45,31588.26,320675.94,194.53,3413.1,"Electronics","Credit Card","In-Store","Monsoon",11.9,2,2,4,8,"Potential Loyalists","Bi-Weekly Buyer","2023-09-11 12:05:31",-946.75874603846,82919.18,8
"CID184","Sangita Chaudhary","Kolkata","Other","Premium",55,"46-55","2023-09-07 17:56:46",205.631365740741,27,17,5,283614.0073,10504.22,75260.08,129.9673,5250.98,"Furniture","Credit Card","Mobile App","Monsoon",9.5,3,3,3,9,"Potential Loyalists","Bi-Weekly Buyer","2023-09-17 17:56:46",-940.514822427349,31512.67,9
"CID185","Sangita Roy","Bangalore","Other","New Customer",23,"18-25","2023-08-24 17:41:01",219.642303240741,10,9,4,66275.16,6627.52,46911.62,212.45,2163.88,"Sports","Net Banking","Mobile App","Monsoon",24.3,2,1,2,5,"Lost","Monthly Buyer","2023-09-17 17:41:01",-940.525759927349,11045.86,6
"CID186","Manish Abraham","Delhi","Male","New Customer",61,"55+","2023-10-10 16:20:11",172.6984375,10,8,4,13756.23,1375.62,2783.04,248.81,1034.54,"Books","Cash","Phone","Monsoon",30.9,3,1,1,5,"Lost","Occasional Buyer","2023-11-10 16:20:11",-886.581894186608,1965.18,7
"CID187","Bhavna Sethi","Delhi","Female","Premium",38,"36-45","2023-09-26 09:24:52",186.986851851852,32,17,5,102739.99,3210.62,22103.2,198.8,2181.57,"Clothing","Cash","Online","Monsoon",8.4,3,3,2,8,"Potential Loyalists","Bi-Weekly Buyer","2023-10-04 09:24:52",-923.87030853846,11415.55,9
"CID188","Rupali Iyer","Bangalore","Female","VIP",65,"55+","2023-10-28 16:44:21",154.681655092593,62,32,8,6232430.752,100523.08,376129.5144,1114.41,54549.1,"Electronics","Credit Card","Phone","Monsoon",4.6,4,5,5,14,"Champions","Weekly Buyer","2023-11-02 16:44:21",-894.565111779201,623243.08,10
"CID189","Sneha Kamath","Bangalore","Female","Regular",54,"46-55","2023-06-11 16:25:50",293.694513888889,10,9,4,24141.13,2414.11,4674.12,294.6,2148.49,"Automotive","Wallet","Online","Summer",16.2,1,1,1,3,"Lost","Monthly Buyer","2023-06-27 16:25:50",-1022.5779705755,4023.52,6
"CID190","Subha Ghosh","Ahmedabad","Female","Regular",48,"46-55","2023-10-18 14:54:53",164.757673611111,17,13,6,148586.2846,8740.37,65569.71,129.9673,465.96,"Beauty","UPI","Online","Monsoon",18,3,2,2,7,"Potential Loyalists","Monthly Buyer","2023-11-05 14:54:53",-891.641130297719,14858.63,10
"CID191","Ashok Modi","Mumbai","Male","New Customer",27,"26-35","2023-07-22 13:55:26",252.798958333333,7,4,1,12326.8,1760.97,3880.84,584.13,1480.44,"Clothing","Wallet","Mobile App","Monsoon",32.2,2,1,1,4,"Lost","Occasional Buyer","2023-08-23 13:55:26",-965.682415019942,2465.36,5
"CID192","Durga Yadav","Bangalore","Female","New Customer",46,"46-55","2023-03-23 13:44:04",373.806851851852,2,2,2,24773.94,12386.97,23356.74,1417.2,12386.97,"Books","Wallet","Mobile App","Summer",56.1,1,1,1,3,"Lost","Occasional Buyer","2023-05-18 13:44:04",-1062.69030853846,12386.97,2
"CID193","Kunal Rao","Pune","Other","Regular",26,"26-35","2024-02-03 13:44:46",56.8063657407407,24,17,5,91669.78,3819.57,56698.36,310.33,1153.86,"Clothing","UPI","Online","Summer",16.6,5,3,2,10,"Loyal Customers","Monthly Buyer","2024-02-20 13:44:46",-784.689822427349,6547.84,14
"CID194","Avni Philip","Chennai","Other","Premium",34,"26-35","2023-08-02 15:13:14",241.744930555556,20,14,4,58728.68,2936.43,12671.26,157.26,1336.82,"Groceries","Net Banking","Mobile App","Summer",10.6,2,2,1,5,"Lost","Bi-Weekly Buyer","2023-08-13 15:13:14",-975.628387242164,7341.08,8
"CID195","Mitali Subramaniam","Chennai","Female","New Customer",58,"55+","2023-11-19 12:06:49",132.874386574074,14,13,7,120600.72,8614.34,91182.98,286.33,1008.595,"Books","Debit Card","Online","Monsoon",22.9,4,2,2,8,"Potential Loyalists","Monthly Buyer","2023-12-12 12:06:49",-854.757843260682,15075.09,8
"CID196","Mukesh Mittal","Kolkata","Other","Premium",26,"26-35","2023-08-29 11:21:08",214.906111111111,30,23,8,873890.8244,29129.69,376129.5144,296.43,1428.17,"Groceries","Credit Card","Online","Monsoon",7.6,2,3,4,9,"Potential Loyalists","Bi-Weekly Buyer","2023-09-06 11:21:08",-951.789567797719,109236.35,8
"CID197","Akanksha Bhatia","Hyderabad","Female","VIP",57,"55+","2023-07-28 10:31:00",246.940925925926,45,23,7,150995.7273,3355.46,73901.49,129.9673,1011.67,"Groceries","Cash","Online","Summer",4.5,2,4,2,8,"Potential Loyalists","Weekly Buyer","2023-08-01 10:31:00",-987.824382612534,21570.82,7
"CID198","Ishan Dey","Jaipur","Male","Regular",22,"18-25","2023-12-08 15:16:17",113.7428125,25,20,5,887394.4573,35495.78,221412.38,129.9673,4162.58,"Sports","UPI","Online","Winter",13.8,5,3,4,12,"Loyal Customers","Bi-Weekly Buyer","2023-12-22 15:16:17",-844.626269186608,73949.54,12
"CID199","Megha Iyer","Surat","Female","Regular",26,"26-35","2023-06-06 10:21:59",298.9471875,12,10,3,48026.4419,4002.2,34920.39,129.9673,772.895,"Groceries","Net Banking","Phone","Summer",13.9,1,2,1,4,"Lost","Bi-Weekly Buyer","2023-06-20 10:21:59",-1029.83064418661,8004.41,6
"CID200","Meena Mirza","Chennai","Female","VIP",19,"18-25","2023-09-21 09:42:08",191.974861111111,49,26,9,259343.66,5292.73,76380.36,210.61,1855.68,"Beauty","UPI","Online","Monsoon",4.9,3,5,3,11,"Loyal Customers","Weekly Buyer","2023-09-26 09:42:08",-931.858317797719,28815.96,9
"CID201","Sahil Oswal","Mumbai","Male","VIP",23,"18-25","2023-08-16 14:39:25",227.768414351852,53,25,8,4728082.092,89209.1,376129.5144,413.28,34291.76,"Electronics","UPI","Online","Monsoon",4.3,2,5,5,12,"Loyal Customers","Weekly Buyer","2023-08-20 14:39:25",-968.65187103846,591010.26,8
"CID202","Supriya Patel","Bangalore","Other","Premium",24,"18-25","2024-02-10 11:33:47",49.8973263888889,44,31,9,378403.24,8600.07,193573.25,307.93,2771.56,"Automotive","Cash","In-Store","Monsoon",8.9,5,4,3,12,"Loyal Customers","Bi-Weekly Buyer","2024-02-19 11:33:47",-785.780783075497,27028.8,14
"CID203","Naresh Khan","Delhi","Male","Regular",25,"18-25","2024-03-13 14:49:19",17.7615393518519,29,19,5,291614.41,10055.67,113467.72,240.75,2183.91,"Toys","Credit Card","In-Store","Monsoon",14.7,5,3,3,11,"Loyal Customers","Bi-Weekly Buyer","2024-03-28 14:49:19",-747.64499603846,19440.96,15
"CID204","Lokesh Chakraborty","Mumbai","Male","Regular",47,"46-55","2024-01-20 17:59:55",70.6291782407407,27,15,5,494218.62,18304.39,101320.38,283.29,4798.62,"Automotive","Debit Card","In-Store","Winter",14.8,5,3,3,11,"Loyal Customers","Bi-Weekly Buyer","2024-02-04 17:59:55",-800.512634927349,38016.82,13
"CID205","Megha Ghosh","Chennai","Female","Regular",29,"26-35","2023-11-21 14:39:40",130.768240740741,24,21,4,631379.5073,26307.48,330672.9,129.9673,2293.695,"Sports","Credit Card","Mobile App","Monsoon",14,4,3,4,11,"Loyal Customers","Bi-Weekly Buyer","2023-12-05 14:39:40",-861.651697427349,57398.14,11
"CID206","Shyam Gupta","Mumbai","Other","New Customer",34,"26-35","2023-11-30 17:28:21",121.651099537037,11,10,5,74356.66,6759.7,41670.15,216.01,869.14,"Books","UPI","Online","Autumn",32.6,4,2,2,8,"Potential Loyalists","Occasional Buyer","2024-01-02 17:28:21",-833.534556223645,10622.38,7
"CID207","Sangita Naik","Ahmedabad","Female","VIP",44,"36-45","2023-11-27 13:21:09",124.822766203704,74,38,10,1289509.91,17425.81,288222.54,354.27,4676.935,"Toys","UPI","Phone","Monsoon",4.2,4,5,5,14,"Champions","Weekly Buyer","2023-12-01 13:21:09",-865.706222890312,117228.17,11
"CID208","Gopal Banerjee","Mumbai","Male","Premium",54,"46-55","2024-01-14 10:05:33",76.958599537037,50,32,8,369355.99,7387.12,200673.6,208.54,1720.77,"Clothing","UPI","Mobile App","Monsoon",7.7,5,5,3,13,"Champions","Bi-Weekly Buyer","2024-01-22 10:05:33",-813.842056223645,28412,13
"CID209","Manish Singh","Surat","Other","Regular",63,"55+","2023-07-02 17:36:28",272.645462962963,12,9,4,54775.48,4564.62,33217.27,145.56,1569.28,"Sports","UPI","Online","Summer",15.3,1,2,1,4,"Lost","Monthly Buyer","2023-07-17 17:36:28",-1002.52891964957,7825.07,7
"CID210","Rajesh Trivedi","Delhi","Male","New Customer",57,"55+","2023-02-20 11:09:11",404.914409722222,2,2,1,212245,106122.5,182546.9,29698.1,106122.5,"Furniture","Cash","Online","Winter",28.7,1,1,3,5,"Lost","Monthly Buyer","2023-03-21 11:09:11",-1120.79786640883,106122.5,2
"CID211","Lokesh Patil","Pune","Other","New Customer",31,"26-35","2023-09-08 17:23:14",204.654652777778,9,7,4,253735.91,28192.88,116793.46,586.46,4002.94,"Books","UPI","Online","Monsoon",30.1,3,1,3,7,"Potential Loyalists","Occasional Buyer","2023-10-08 17:23:14",-919.538109464386,50747.18,5
"CID212","Radha Subramaniam","Bangalore","Female","New Customer",44,"36-45","2023-03-07 14:04:36",389.792592592593,2,2,2,17747.8,8873.9,17039.58,708.22,8873.9,"Books","Cash","Online","Summer",57.9,1,1,1,3,"Lost","Occasional Buyer","2023-05-04 14:04:36",-1076.6760492792,8873.9,2
"CID213","Parth Krishnan","Bangalore","Male","VIP",56,"55+","2023-09-11 13:46:40",201.805046296296,57,35,10,2048097.39,35931.53,230127.04,208.19,2966.6,"Electronics","UPI","Online","Monsoon",4.2,3,5,5,13,"Champions","Weekly Buyer","2023-09-15 13:46:40",-942.688502982905,227566.38,9
"CID214","Kabir Shaikh","Pune","Male","Premium",61,"55+","2023-10-15 15:24:09",167.737349537037,29,23,8,335958.5873,11584.78,227989.32,129.9673,995.8,"Books","Wallet","Online","Monsoon",9.2,3,3,3,9,"Potential Loyalists","Bi-Weekly Buyer","2023-10-24 15:24:09",-903.620806223645,33595.86,10
"CID215","Gaurav Kapoor","Surat","Male","Regular",40,"36-45","2023-10-04 10:32:45",178.939710648148,18,13,6,166762.3,9264.57,78071.76,183.3,1283.235,"Groceries","Cash","Mobile App","Monsoon",16.2,3,2,2,7,"Potential Loyalists","Monthly Buyer","2023-10-20 10:32:45",-907.823167334756,16676.23,10
"CID216","Rohit Chakraborty","Pune","Male","Regular",63,"55+","2023-09-26 11:50:13",186.885914351852,14,13,5,24103.47,1721.68,4186.5,493.65,1404.535,"Other","Debit Card","Mobile App","Monsoon",19.4,3,2,1,6,"Lost","Monthly Buyer","2023-10-15 11:50:13",-912.76937103846,2678.16,9
"CID217","Sangita Mathew","Ahmedabad","Other","Regular",48,"46-55","2023-12-26 17:42:25",95.6413310185185,23,14,6,259942.73,11301.86,208514.16,260.36,1615.02,"Books","Debit Card","Online","Winter",16.1,5,3,3,11,"Loyal Customers","Monthly Buyer","2024-01-11 17:42:25",-824.524787705127,21661.89,12
"CID218","Jaya Pillai","Ahmedabad","Female","VIP",37,"36-45","2023-11-19 10:54:10",132.924837962963,69,33,7,709647.2244,10284.74,376129.5144,208.77,1704.5,"Beauty","Credit Card","Phone","Monsoon",4.3,4,5,4,13,"Champions","Weekly Buyer","2023-11-23 10:54:10",-873.808294649571,64513.38,11
"CID219","Manish Naik","Kolkata","Other","Premium",46,"46-55","2023-11-28 17:56:28",123.631574074074,39,24,7,1727134.1788,44285.49,376129.5144,300.28,6886.34,"Electronics","Wallet","Phone","Monsoon",8.3,4,4,5,13,"Champions","Bi-Weekly Buyer","2023-12-06 17:56:28",-860.515030760682,157012.2,11
"CID220","Ashok Desai","Surat","Male","New Customer",44,"36-45","2023-08-28 10:05:37",215.958553240741,9,8,5,155546,17282.89,75901.88,310.89,2148,"Electronics","Wallet","In-Store","Monsoon",27.2,2,1,2,5,"Lost","Monthly Buyer","2023-09-24 10:05:37",-933.842009927349,25924.33,6
"CID221","Sudhir Kapoor","Mumbai","Male","VIP",51,"46-55","2023-08-17 16:52:34",226.675949074074,45,24,6,1100598.38,24457.74,233645.76,271.1,5526.02,"Furniture","Credit Card","In-Store","Summer",4.7,2,4,5,11,"Loyal Customers","Weekly Buyer","2023-08-22 16:52:34",-966.559405760682,137574.8,8
"CID222","Sunil Doshi","Pune","Other","VIP",61,"55+","2023-10-27 17:04:48",155.667453703704,66,22,9,477678.6846,7237.56,165921.66,129.9673,1143.8,"Groceries","Credit Card","Mobile App","Monsoon",4.6,4,5,3,12,"Loyal Customers","Weekly Buyer","2023-11-01 17:04:48",-895.550910390312,47767.87,10
"CID223","Bharat Shaikh","Ahmedabad","Other","VIP",53,"46-55","2023-08-27 17:58:56",216.629861111111,56,28,5,2400799.4132,42871.42,376129.5144,235.65,8657.94,"Furniture","Credit Card","Online","Summer",3.9,2,5,5,12,"Loyal Customers","Weekly Buyer","2023-08-31 17:58:56",-957.513317797719,300099.93,8
"CID224","Ram Pawar","Bangalore","Other","Premium",48,"46-55","2024-01-06 11:16:51",84.9090856481481,42,26,7,172799.33,4114.27,61883.25,277.81,1952.175,"Books","Cash","In-Store","Monsoon",8.3,5,4,2,11,"Loyal Customers","Bi-Weekly Buyer","2024-01-14 11:16:51",-821.792542334756,13292.26,13
"CID225","Arun Sundar","Bangalore","Male","Premium",23,"18-25","2023-07-06 10:49:52",268.927824074074,25,17,4,1972397.8544,78895.91,376129.5144,1023.99,24092.88,"Electronics","Credit Card","Online","Summer",7.6,1,3,5,9,"Potential Loyalists","Bi-Weekly Buyer","2023-07-14 10:49:52",-1005.81128076068,281771.12,7
"CID226","Suresh Sundar","Hyderabad","Male","VIP",64,"55+","2023-08-03 16:06:17",240.708090277778,40,26,9,527995.6344,13199.89,376129.5144,298.68,2320.6,"Automotive","Credit Card","In-Store","Summer",5,2,4,4,10,"Loyal Customers","Weekly Buyer","2023-08-08 16:06:17",-980.591546964386,65999.45,8
"CID227","Ritu Shukla","Delhi","Female","VIP",51,"46-55","2023-12-07 11:29:03",114.900613425926,73,41,10,949517.75,13007.09,312392.9,217.83,1672.98,"Books","Debit Card","Online","Monsoon",4.3,5,5,4,14,"Champions","Weekly Buyer","2023-12-11 11:29:03",-855.784070112534,79126.48,12
"CID228","Dhruv Singhania","Mumbai","Male","New Customer",65,"55+","2023-05-14 09:52:03",321.967974537037,3,3,3,376832.1044,125610.7,376129.5144,209.85,492.74,"Books","UPI","Online","Summer",53,1,1,3,5,"Lost","Occasional Buyer","2023-07-06 09:52:03",-1013.85143122365,125610.7,3
"CID229","Trisha Gupta","Bangalore","Female","New Customer",24,"18-25","2023-06-16 17:05:39",288.666863425926,9,9,6,400901.0344,44544.56,376129.5144,327.84,2877.34,"Clothing","UPI","Mobile App","Summer",20.3,1,1,3,5,"Lost","Monthly Buyer","2023-07-06 17:05:39",-1013.55032011253,80180.21,5
"CID230","Charvi Venkat","Mumbai","Female","Premium",52,"46-55","2023-11-07 16:47:20",144.679583333333,31,17,4,34064.1973,1098.85,4543.24,129.9673,570.74,"Books","Cash","Online","Monsoon",9.6,4,3,1,8,"Potential Loyalists","Bi-Weekly Buyer","2023-11-17 16:47:20",-879.563040019942,3096.75,11
"CID231","Parth Menon","Jaipur","Other","VIP",53,"46-55","2023-09-07 16:22:52",205.696574074074,61,30,8,4293975.9832,70393.05,376129.5144,518.24,11525.3,"Automotive","Credit Card","In-Store","Monsoon",3.9,3,5,5,13,"Champions","Weekly Buyer","2023-09-11 16:22:52",-946.580030760682,477108.44,9
"CID232","Ramesh Chatterjee","Bangalore","Male","Regular",55,"46-55","2023-08-01 10:18:04",242.949907407407,13,13,5,36761.57,2827.81,20199.99,165.09,672.6,"Groceries","UPI","Online","Summer",17.2,2,2,1,5,"Lost","Monthly Buyer","2023-08-18 10:18:04",-970.833364094016,5251.65,7
"CID233","Bhavna Pawar","Hyderabad","Female","VIP",54,"46-55","2023-09-22 13:28:36",190.817592592593,63,42,10,864006.21,13714.38,125177.84,406,2589.12,"Books","UPI","Online","Monsoon",3.8,3,5,4,12,"Loyal Customers","Weekly Buyer","2023-09-26 13:28:36",-931.701049279201,96000.69,9
"CID234","Harsh Khan","Bangalore","Male","New Customer",38,"36-45","2023-09-04 09:17:13",208.992164351852,6,6,3,38335.09,6389.18,32337.11,142.09,564.505,"Groceries","UPI","Mobile App","Summer",46,3,1,1,5,"Lost","Occasional Buyer","2023-10-20 09:17:13",-907.87562103846,7667.02,5
"CID235","Lata Jadhav","Ahmedabad","Female","Premium",41,"36-45","2024-02-09 17:34:55",50.6465393518518,36,22,7,65533.2973,1820.37,10121.48,129.9673,1071.575,"Other","Credit Card","In-Store","Monsoon",11.2,5,4,2,11,"Loyal Customers","Bi-Weekly Buyer","2024-02-20 17:34:55",-784.52999603846,4680.95,14
"CID236","Nisha Cherian","Delhi","Female","Regular",38,"36-45","2024-01-07 15:59:25",83.7128587962963,30,21,7,132624.93,4420.83,26430.05,223.59,1797.005,"Clothing","Net Banking","Online","Monsoon",12.6,5,3,2,10,"Loyal Customers","Bi-Weekly Buyer","2024-01-20 15:59:25",-815.596315482905,10201.92,13
"CID237","Sudhir Bhatia","Ahmedabad","Male","Regular",61,"55+","2023-06-03 17:00:29",301.670451388889,12,11,5,36810.43,3067.54,10866.63,628.34,1490.07,"Other","UPI","Online","Winter",12.2,1,2,1,4,"Lost","Bi-Weekly Buyer","2023-06-15 17:00:29",-1034.5539080755,6135.07,6
"CID238","Swati Chatterjee","Pune","Female","New Customer",47,"46-55","2023-09-29 14:02:32",183.794027777778,9,9,5,187318.1,20813.12,65698.88,436.66,7174.56,"Electronics","Cash","Phone","Monsoon",32.4,3,1,2,6,"Lost","Occasional Buyer","2023-10-31 14:02:32",-896.677484464386,23414.76,8
"CID239","Lavanya Abraham","Chennai","Female","New Customer",63,"55+","2023-09-26 10:22:54",186.946550925926,10,10,6,28832.06,2883.21,20984.6,314.91,871.525,"Books","Net Banking","Online","Monsoon",28.5,3,1,1,5,"Lost","Monthly Buyer","2023-10-24 10:22:54",-903.830007612534,4118.87,7
"CID240","Lakshmi Tiwari","Ahmedabad","Female","VIP",61,"55+","2023-07-09 17:50:23",265.635798611111,34,24,6,257843.3173,7583.63,81485.89,129.9673,1123.73,"Beauty","UPI","Online","Summer",5,1,4,3,8,"Potential Loyalists","Weekly Buyer","2023-07-14 17:50:23",-1005.51925529772,36834.76,7
"CID241","Umesh Singhania","Kolkata","Male","VIP",24,"18-25","2023-09-07 13:56:23",205.798298611111,61,32,8,3542977.9776,58081.61,376129.5144,617.86,4949.11,"Clothing","UPI","Online","Monsoon",3.9,3,5,5,13,"Champions","Weekly Buyer","2023-09-11 13:56:23",-946.681755297719,393664.22,9
"CID242","Ram Venkat","Surat","Male","New Customer",33,"26-35","2023-09-11 15:43:36",201.723842592593,11,11,6,184671.04,16788.28,164568.56,150.75,1028.72,"Beauty","Credit Card","In-Store","Monsoon",23.2,3,2,2,7,"Potential Loyalists","Monthly Buyer","2023-10-04 15:43:36",-923.607299279201,30778.51,6
"CID243","Vivek Bose","Kolkata","Male","New Customer",25,"18-25","2024-01-16 17:52:25",74.6343865740741,10,9,3,211821.14,21182.11,108999.17,249.22,3084.765,"Books","UPI","Phone","Monsoon",39.6,5,2,2,9,"Potential Loyalists","Occasional Buyer","2024-02-25 17:52:25",-779.517843260682,26477.64,8
"CID244","Ganesh Arora","Bangalore","Male","New Customer",58,"55+","2023-07-04 15:38:04",270.727685185185,8,7,4,30266.43,3783.3,18808.72,209.96,1376.81,"Electronics","Debit Card","Online","Winter",26.1,1,1,1,3,"Lost","Monthly Buyer","2023-07-30 15:38:04",-989.611141871793,6053.29,5
"CID245","Nikita Hussain","Chennai","Other","VIP",24,"18-25","2023-11-27 14:14:24",124.785787037037,69,41,9,2242556.9044,32500.82,376129.5144,210.22,2514.4,"Other","Wallet","Mobile App","Monsoon",4.7,4,5,5,14,"Champions","Weekly Buyer","2023-12-02 14:14:24",-864.669243723645,203868.81,11
"CID246","Ekta Naik","Surat","Other","VIP",36,"36-45","2023-08-27 17:36:22",216.645532407407,47,29,10,329810.28,7017.24,91163.5,232.01,1354.14,"Sports","Debit Card","In-Store","Monsoon",4.7,2,4,3,9,"Potential Loyalists","Weekly Buyer","2023-09-01 17:36:22",-956.528989094016,41226.29,8
"CID247","Lavanya Walia","Surat","Female","New Customer",46,"46-55","2023-07-20 10:48:12",254.928981481481,9,8,2,8110.87,901.21,2407.84,130.01,438.76,"Groceries","Wallet","Online","Monsoon",22.2,2,1,1,4,"Lost","Monthly Buyer","2023-08-11 10:48:12",-977.81243816809,1622.17,5
"CID248","Ishaan Chadha","Kolkata","Male","VIP",31,"26-35","2023-09-25 13:07:56",187.831944444444,67,39,9,2254532.4744,33649.74,376129.5144,489.13,5887.4,"Clothing","Credit Card","In-Store","Monsoon",3.7,3,5,5,13,"Champions","Weekly Buyer","2023-09-29 13:07:56",-928.715401131053,250503.61,9
"CID249","Riya Malhotra","Pune","Female","New Customer",19,"18-25","2023-07-06 13:55:31",268.798900462963,6,4,1,20441.87,3406.98,9102.04,1508.56,2239.585,"Toys","Credit Card","Mobile App","Winter",37,1,1,1,3,"Lost","Occasional Buyer","2023-08-12 13:55:31",-976.682357149571,4088.37,5
"CID250","Kiran Chakraborty","Jaipur","Female","Regular",48,"46-55","2024-01-12 10:46:08",78.9304166666667,28,19,6,205084.79,7324.46,37053.9,672.12,3541.96,"Automotive","Credit Card","Mobile App","Monsoon",13.3,5,3,2,10,"Loyal Customers","Bi-Weekly Buyer","2024-01-25 10:46:08",-810.813873353275,15775.75,13
"CID251","Praveen Sheikh","Delhi","Male","Premium",27,"26-35","2023-10-15 14:29:49",167.775081018519,28,19,7,397929.41,14211.76,90990.88,243.87,2100.385,"Clothing","Debit Card","Mobile App","Monsoon",9.7,3,3,3,9,"Potential Loyalists","Bi-Weekly Buyer","2023-10-25 14:29:49",-902.658537705127,39792.94,10
"CID252","Sanika Ali","Mumbai","Female","Premium",32,"26-35","2023-11-19 14:51:22",132.760115740741,37,26,6,183595.0446,4962.03,76208.06,129.9673,1442.07,"Books","Cash","Online","Monsoon",8.9,4,4,2,10,"Loyal Customers","Bi-Weekly Buyer","2023-11-28 14:51:22",-868.643572427349,16690.46,11
"CID253","Uma Balaji","Pune","Female","Regular",22,"18-25","2024-02-04 11:53:10",55.8838657407407,33,25,7,1565443.4844,47437.68,376129.5144,327.17,8788,"Sports","Debit Card","Online","Winter",11.6,5,3,5,13,"Champions","Bi-Weekly Buyer","2024-02-16 11:53:10",-788.767322427349,111817.39,14
"CID254","Radhika Ali","Bangalore","Other","VIP",48,"46-55","2023-10-25 13:55:54",157.798634259259,62,29,10,769781.0744,12415.82,376129.5144,157.6,2549.94,"Clothing","Credit Card","In-Store","Monsoon",4.6,4,5,4,13,"Champions","Weekly Buyer","2023-10-30 13:55:54",-897.682090945867,76978.11,10
"CID255","Vijay Trivedi","Surat","Male","New Customer",27,"26-35","2023-03-06 14:07:15",390.790752314815,2,2,1,259.9346,129.97,129.9673,129.9673,129.9673,"Beauty","Cash","Online","Summer",47.1,1,1,1,3,"Lost","Occasional Buyer","2023-04-22 14:07:15",-1088.67420900142,129.97,2
"CID256","Bhuvan Baig","Kolkata","Other","Regular",24,"18-25","2023-12-24 15:22:10",97.7387268518519,27,19,7,1196407.9444,44311.41,376129.5144,429.91,4405.72,"Electronics","Net Banking","Mobile App","Monsoon",13.7,5,3,5,13,"Champions","Bi-Weekly Buyer","2024-01-07 15:22:10",-828.62218353846,99700.66,12
"CID257","Swati Agarwal","Mumbai","Other","Premium",40,"36-45","2023-07-16 09:32:26",258.981597222222,22,19,5,546260.5,24830.02,302508.45,167.82,1847.795,"Clothing","UPI","Online","Summer",8.7,2,2,4,8,"Potential Loyalists","Bi-Weekly Buyer","2023-07-25 09:32:26",-994.86505390883,78037.21,7
"CID258","Bharat Srivastava","Hyderabad","Male","Premium",19,"18-25","2024-02-26 12:14:41",33.8689236111111,44,27,8,893668.2544,20310.64,376129.5144,340.89,2559.56,"Automotive","UPI","Online","Winter",9.6,5,4,4,13,"Champions","Bi-Weekly Buyer","2024-03-07 12:14:41",-768.752380297719,63833.45,14
"CID259","Simran Varghese","Ahmedabad","Other","VIP",56,"55+","2023-08-03 10:24:12",240.945648148148,54,34,9,550006.15,10185.3,248450.56,406.21,3167.185,"Clothing","Credit Card","Mobile App","Summer",3.9,2,5,4,11,"Loyal Customers","Weekly Buyer","2023-08-07 10:24:12",-981.829104834756,68750.77,8
"CID260","Rekha Bhatia","Pune","Female","VIP",48,"46-55","2023-09-09 17:40:58",203.642337962963,56,33,8,1337871.32,23890.56,194631.43,195.71,3599.555,"Groceries","Credit Card","In-Store","Summer",4.3,3,5,5,13,"Champions","Weekly Buyer","2023-09-13 17:40:58",-944.525794649571,148652.37,9
"CID261","Vidya Chaudhary","Jaipur","Female","Premium",36,"36-45","2023-11-17 11:32:07",134.898483796296,35,26,8,664570.66,18987.73,205932.44,264.07,3181.12,"Furniture","Debit Card","In-Store","Summer",9,4,4,4,12,"Loyal Customers","Bi-Weekly Buyer","2023-11-26 11:32:07",-870.781940482904,60415.51,11
"CID262","Usha Mirza","Hyderabad","Female","Regular",46,"46-55","2023-08-09 12:43:53",234.848645833333,17,15,3,490128.69,28831.1,105468.62,529.49,3453.4,"Books","UPI","In-Store","Monsoon",12.2,2,2,3,7,"Potential Loyalists","Bi-Weekly Buyer","2023-08-21 12:43:53",-967.732102519942,61266.09,8
"CID263","Falak Nair","Hyderabad","Other","Regular",65,"55+","2023-05-25 16:46:38",310.680069444444,16,14,5,106323.64,6645.23,63823.1,150.18,1626.5,"Clothing","Credit Card","Online","Summer",9,1,2,2,5,"Lost","Bi-Weekly Buyer","2023-06-03 16:46:38",-1046.56352613105,21264.73,5
"CID264","Geeta Menon","Surat","Female","New Customer",51,"46-55","2023-04-24 14:28:16",341.776157407407,7,7,4,412762.9573,58966.14,212538.54,129.9673,9924.72,"Electronics","UPI","In-Store","Summer",16.1,1,1,3,5,"Lost","Monthly Buyer","2023-05-10 14:28:16",-1070.65961409402,103190.74,4
"CID265","Isha Das","Bangalore","Female","VIP",54,"46-55","2023-06-15 17:04:49",289.66744212963,34,27,7,1061799.7617,31229.4,376129.5144,129.9673,2099.85,"Books","Credit Card","In-Store","Summer",4.4,1,4,5,10,"Loyal Customers","Weekly Buyer","2023-06-19 17:04:49",-1030.55089881624,176966.63,6
"CID266","Dinesh Chakraborty","Mumbai","Other","New Customer",22,"18-25","2023-04-14 10:46:45",351.929988425926,5,5,3,5848.48,1169.7,2104.12,652.3,737.86,"Books","UPI","In-Store","Winter",20.7,1,1,1,3,"Lost","Monthly Buyer","2023-05-05 10:46:45",-1075.81344511253,1949.49,3
"CID267","Arjun Kapoor","Chennai","Male","Regular",20,"18-25","2023-09-25 15:36:28",187.728796296296,20,18,6,45111.88,2255.59,8661.48,136.45,1258.94,"Sports","Debit Card","Mobile App","Monsoon",12.8,3,2,1,6,"Lost","Bi-Weekly Buyer","2023-10-08 15:36:28",-919.612252982904,5012.43,9
"CID268","Rahul Jadhav","Ahmedabad","Male","VIP",57,"55+","2023-09-14 09:58:06",198.963773148148,49,32,8,2348570.5651,47930.01,376129.5144,129.9673,2533.86,"Groceries","UPI","Phone","Monsoon",5,3,5,5,13,"Champions","Weekly Buyer","2023-09-19 09:58:06",-938.847229834756,260952.29,9
"CID269","Rohit Antony","Delhi","Other","VIP",50,"46-55","2023-09-23 10:12:40",189.953657407407,59,31,8,660397.2,11193.17,205113.12,215.92,2860.17,"Clothing","UPI","Online","Monsoon",4.6,3,5,4,12,"Loyal Customers","Weekly Buyer","2023-09-28 10:12:40",-929.837114094016,73377.47,9
"CID270","Zara Pillai","Bangalore","Female","New Customer",57,"55+","2023-05-29 10:40:53",306.9340625,6,6,5,18214.12,3035.69,7816.13,269.54,980.13,"Clothing","Credit Card","In-Store","Summer",25.6,1,1,1,3,"Lost","Monthly Buyer","2023-06-24 10:40:53",-1025.81751918661,6071.37,3
"CID271","Bhavya George","Chennai","Female","New Customer",51,"46-55","2023-05-01 15:22:12",334.738703703704,5,5,3,3810.25,762.05,1974.17,254.9,394.33,"Automotive","Debit Card","Online","Summer",27.2,1,1,1,3,"Lost","Monthly Buyer","2023-05-28 15:22:12",-1052.62216039031,952.56,4
"CID272","Sonia Joshi","Delhi","Female","Premium",30,"26-35","2024-02-16 10:49:11",43.9282986111111,38,27,7,812671.56,21386.09,211363.65,198.3,5820.98,"Furniture","Credit Card","Mobile App","Monsoon",10.3,5,4,4,13,"Champions","Bi-Weekly Buyer","2024-02-26 10:49:11",-778.811755297719,58047.97,14
"CID273","Kabir Bhatt","Bangalore","Male","Regular",59,"55+","2023-12-04 17:15:50",117.659791666667,23,19,7,108626.73,4722.9,30034.8,164.79,855.34,"Groceries","UPI","Mobile App","Monsoon",14.4,5,3,2,10,"Loyal Customers","Bi-Weekly Buyer","2023-12-18 17:15:50",-848.543248353275,9052.23,12
"CID274","Sangita Nair","Ahmedabad","Female","Regular",48,"46-55","2023-06-18 09:37:41",286.977951388889,12,10,5,264461.24,22038.44,97918.66,145.17,4844.79,"Beauty","Debit Card","Phone","Winter",14.5,1,2,3,6,"Lost","Bi-Weekly Buyer","2023-07-02 09:37:41",-1017.8614080755,52892.25,5
"CID275","Tarun Ali","Hyderabad","Male","Premium",29,"26-35","2023-10-10 16:36:08",172.687361111111,32,23,8,1335445.3,41732.67,269235.2,167.58,4432.315,"Clothing","UPI","Mobile App","Monsoon",8.2,3,3,5,11,"Loyal Customers","Bi-Weekly Buyer","2023-10-18 16:36:08",-909.570817797719,133544.53,10
"CID276","Rakesh Reddy","Kolkata","Male","Regular",49,"46-55","2023-11-10 15:56:49",141.714664351852,26,21,6,885836.5344,34070.64,376129.5144,136.28,3645.41,"Automotive","UPI","In-Store","Monsoon",12.1,4,3,4,11,"Loyal Customers","Bi-Weekly Buyer","2023-11-22 15:56:49",-874.59812103846,80530.59,11
"CID277","Jaya Dey","Bangalore","Female","Regular",20,"18-25","2024-02-16 17:01:07",43.6700115740741,26,18,5,193007.38,7423.36,34108.7,367.56,3480.795,"Automotive","UPI","In-Store","Monsoon",15.3,5,3,2,10,"Loyal Customers","Monthly Buyer","2024-03-02 17:01:07",-773.553468260682,13786.24,14
"CID278","Prachi Trivedi","Jaipur","Female","VIP",19,"18-25","2023-10-27 11:35:49",155.895914351852,60,29,8,1663254.84,27720.91,193988.65,538.25,6660.675,"Furniture","Wallet","Mobile App","Monsoon",4.9,4,5,5,14,"Champions","Weekly Buyer","2023-11-01 11:35:49",-895.77937103846,166325.48,10
"CID279","Kishan Patel","Bangalore","Other","VIP",50,"46-55","2023-08-13 15:26:13",230.735914351852,47,34,8,2198641.4488,46779.61,376129.5144,397.87,7254.8,"Automotive","Wallet","In-Store","Summer",4.6,2,4,5,11,"Loyal Customers","Weekly Buyer","2023-08-18 15:26:13",-970.61937103846,274830.18,8
"CID280","Sanket Ghosh","Mumbai","Male","Premium",54,"46-55","2023-10-23 14:23:11",159.7796875,30,24,7,896195.6344,29873.19,376129.5144,301.31,2539.62,"Books","Debit Card","Mobile App","Summer",9.6,4,3,4,11,"Loyal Customers","Bi-Weekly Buyer","2023-11-02 14:23:11",-894.663144186608,89619.56,10
"CID281","Dhaval Mirza","Delhi","Other","Regular",61,"55+","2024-01-29 12:31:53",61.8569791666667,28,19,7,129163.97,4613,109813.1,162.5,602.455,"Beauty","Wallet","Online","Monsoon",14.2,5,3,2,10,"Loyal Customers","Bi-Weekly Buyer","2024-02-12 12:31:53",-792.740435853275,9935.69,13
"CID282","Vikram Bhosale","Surat","Male","Premium",40,"36-45","2023-11-14 11:17:58",137.908310185185,31,19,8,185764.3273,5992.4,93297.3,129.9673,1142.51,"Groceries","Debit Card","Mobile App","Monsoon",9.7,4,3,2,9,"Potential Loyalists","Bi-Weekly Buyer","2023-11-24 11:17:58",-872.791766871793,16887.67,11
"CID283","Seema Qureshi","Mumbai","Female","Regular",31,"26-35","2023-10-30 17:15:56",152.659722222222,24,20,5,769089.32,32045.39,271504.2,458.99,4132.08,"Electronics","Credit Card","In-Store","Monsoon",13,4,3,4,11,"Loyal Customers","Bi-Weekly Buyer","2023-11-12 17:15:56",-884.54317890883,76908.93,10
"CID284","Sanika Sharma","Ahmedabad","Female","Premium",20,"18-25","2023-11-22 15:37:26",129.728125,36,25,7,1609386.2144,44705.17,376129.5144,186.71,5802.98,"Electronics","Credit Card","In-Store","Monsoon",9.2,4,4,5,13,"Champions","Bi-Weekly Buyer","2023-12-01 15:37:26",-865.611581686608,146307.84,11
"CID285","Balaji Abraham","Surat","Other","New Customer",45,"36-45","2023-02-25 12:08:30",399.873217592593,2,2,2,467.5973,233.8,337.63,129.9673,233.79865,"Books","UPI","Mobile App","Winter",29,1,1,1,3,"Lost","Monthly Buyer","2023-03-26 12:08:30",-1115.7566742792,233.8,2
"CID286","Roshan Das","Delhi","Male","Premium",46,"46-55","2023-11-13 09:43:22",138.97400462963,31,26,8,680164.3573,21940.79,359402.76,129.9673,2248.74,"Furniture","Net Banking","Online","Monsoon",10.2,4,3,4,11,"Loyal Customers","Bi-Weekly Buyer","2023-11-23 09:43:22",-873.857461316238,61833.12,11
"CID287","Akanksha Iyer","Hyderabad","Female","Regular",61,"55+","2023-05-10 11:05:20",325.917083333333,10,8,4,134018.61,13401.86,123494.67,321.36,794.91,"Other","Debit Card","Online","Summer",13.4,1,2,2,5,"Lost","Bi-Weekly Buyer","2023-05-23 11:05:20",-1057.80054001994,26803.72,5
"CID288","Vinay Rao","Surat","Male","Regular",63,"55+","2023-08-05 10:06:13",238.958136574074,15,12,3,185051.07,12336.74,59400.44,249.66,2520.64,"Books","UPI","Online","Summer",15,2,2,2,6,"Lost","Bi-Weekly Buyer","2023-08-20 10:06:13",-968.841593260682,23131.38,8
"CID289","Naveen Trivedi","Pune","Male","New Customer",49,"46-55","2023-12-24 12:16:33",97.8676273148148,13,13,7,64756.8346,4981.29,43836.02,129.9673,742.64,"Groceries","Cash","Phone","Monsoon",28.1,5,2,2,9,"Potential Loyalists","Monthly Buyer","2024-01-21 12:16:33",-814.751084001423,8094.6,8
"CID290","Rupali Dinesh","Pune","Female","New Customer",19,"18-25","2023-02-25 10:45:37",399.930775462963,2,2,1,149385.9,74692.95,136835.88,12550.02,74692.95,"Electronics","UPI","Online","Winter",46.9,1,1,2,4,"Lost","Occasional Buyer","2023-04-13 10:45:37",-1097.81423214957,74692.95,2
"CID291","Shivam Iyer","Mumbai","Other","Regular",23,"18-25","2023-09-09 13:49:02",203.803402777778,19,18,6,487080.33,25635.81,365504.9,210.77,1551.42,"Books","UPI","In-Store","Monsoon",12.9,3,2,3,8,"Potential Loyalists","Bi-Weekly Buyer","2023-09-22 13:49:02",-935.686859464386,54120.04,9
"CID292","Amit Dinesh","Surat","Male","New Customer",33,"26-35","2023-06-02 10:57:39",302.922418981481,6,6,3,123895.42,20649.24,98155.3,214.6,3158.94,"Beauty","UPI","In-Store","Summer",30.4,1,1,2,4,"Lost","Occasional Buyer","2023-07-02 10:57:39",-1017.80587566809,24779.08,5
"CID293","Wasim Hegde","Delhi","Other","Premium",64,"55+","2023-10-25 15:10:26",157.746875,35,23,8,896617.38,25617.64,258959.58,421.67,3846.18,"Other","Wallet","Online","Summer",8.2,4,4,4,12,"Loyal Customers","Bi-Weekly Buyer","2023-11-02 15:10:26",-894.630331686608,89661.74,10
"CID294","Arun Ghosh","Ahmedabad","Male","Premium",39,"36-45","2023-09-19 16:10:08",193.705416666667,32,22,4,1068222.09,33381.94,235157.22,168.89,3029.225,"Electronics","UPI","Mobile App","Summer",7.8,3,3,5,11,"Loyal Customers","Bi-Weekly Buyer","2023-09-27 16:10:08",-930.588873353275,118691.34,9
"CID295","Pooja Shukla","Mumbai","Other","Regular",58,"55+","2023-12-07 13:29:22",114.817060185185,22,17,5,187271.8273,8512.36,54177.16,129.9673,2048.815,"Other","UPI","Phone","Summer",15.1,5,2,2,9,"Potential Loyalists","Monthly Buyer","2023-12-22 13:29:22",-844.700516871793,15605.99,12
"CID296","Sushil Baig","Kolkata","Male","Premium",49,"46-55","2023-11-29 11:07:49",122.915358796296,33,21,7,629094.79,19063.48,141860.88,200.87,3341.5,"Furniture","Net Banking","Mobile App","Monsoon",10,4,3,4,11,"Loyal Customers","Bi-Weekly Buyer","2023-12-09 11:07:49",-857.798815482905,57190.44,11
"CID297","Ishaan Chatterjee","Surat","Other","Premium",38,"36-45","2023-08-10 16:32:45",233.689710648148,23,19,8,364265.11,15837.61,159928.8,286.14,6070.2,"Furniture","Cash","In-Store","Summer",9.6,2,3,3,8,"Potential Loyalists","Bi-Weekly Buyer","2023-08-20 16:32:45",-968.573167334756,45533.14,8
"CID298","Heena Paul","Delhi","Female","New Customer",18,"18-25","2023-10-11 16:57:45",171.672349537037,14,9,3,17514.33,1251.02,7164.22,324.19,765.325,"Books","Credit Card","Mobile App","Monsoon",20.2,3,2,1,6,"Lost","Monthly Buyer","2023-10-31 16:57:45",-896.555806223645,2919.06,6
"CID299","Vaibhav Saraogi","Bangalore","Male","Regular",47,"46-55","2023-07-24 17:07:28",250.665601851852,11,10,4,378150.74,34377.34,156879.5,272.32,2723.22,"Electronics","Debit Card","Mobile App","Summer",19.4,2,2,3,7,"Potential Loyalists","Monthly Buyer","2023-08-12 17:07:28",-976.54905853846,54021.53,7
"CID300","Yogesh Mathew","Ahmedabad","Other","New Customer",58,"55+","2023-06-18 16:19:16",286.699074074074,7,7,4,6614.95,944.99,1426.1,437.97,923.82,"Books","Credit Card","Mobile App","Summer",24.8,1,1,1,3,"Lost","Monthly Buyer","2023-07-13 16:19:16",-1006.58253076068,1322.99,5
